Degree,Specialization,CGPA,YearOfCompletion,JobRole
M.Tech,Project Management,8.61,2025,Strategic Project Management Lead
BBA,Cyber Security,7.44,2027,Cyber Security Specialist
B.A.,Customer Success,8.61,2026,Strategic Customer Success Lead
M.Tech,Customer Success,9.39,2027,Strategic Customer Success Lead
B.A.,Human Resources,9.88,2027,Strategic Human Resources Lead
M.Sc,Finance,9.12,2026,Strategic Finance Lead
B.E.,Digital Marketing,7.47,2024,Digital Marketing Manager
B.E.,Project Management,5.04,2025,Operations Asst (Proje)
BCA,Operations,5.12,2025,Operations Asst (Opera)
B.Voc,Big Data,8.33,2025,Big Data Specialist
M.Sc,Data Science,7.71,2026,Data Science Specialist
B.Com,Artificial Intelligence,9.93,2025,Senior Artificial Intelligence Architect
M.E.,Data Science,8.84,2027,Senior Data Science Architect
B.E.,Artificial Intelligence,7.97,2024,Artificial Intelligence Specialist
M.Sc,Finance,6.18,2025,Junior Finance Associate
B.Com,Blockchain,6.09,2026,Junior Blockchain Engineer
BCA,Corporate Law,6.59,2026,Junior Corporate Law Associate
MBA,Full Stack Dev,5.99,2026,Tech Support Full 
M.Tech,Customer Success,5.25,2027,Operations Asst (Custo)
B.Com,Business Analytics,6.77,2026,Junior Business Analytics Associate
M.Tech,Software Testing,8.47,2025,Software Testing Specialist
B.Sc,Supply Chain,7.52,2026,Supply Chain Manager
B.Com,Accounting,6.2,2024,Junior Accounting Associate
BCA,Human Resources,9.56,2027,Strategic Human Resources Lead
MCA,Mobile App Dev,7.23,2024,Mobile App Dev Specialist
B.Voc,Content Strategy,8.12,2025,Content Strategy Manager
M.Sc,Full Stack Dev,7.54,2027,Full Stack Dev Specialist
MBA,DevOps,7.25,2026,DevOps Specialist
B.Voc,Human Resources,6.68,2026,Junior Human Resources Associate
B.Sc,Big Data,6.62,2026,Junior Big Data Engineer
B.E.,Big Data,6.47,2025,Junior Big Data Engineer
Diploma,Network Security,6.27,2024,Junior Network Security Engineer
B.Tech,Product Management,5.5,2025,Operations Asst (Produ)
M.Com,Human Resources,6.79,2024,Junior Human Resources Associate
MBA,Software Testing,7.68,2027,Software Testing Specialist
B.Sc,Blockchain,5.77,2027,Tech Support Block
B.Voc,UI/UX Design,8.72,2027,Strategic UI/UX Design Lead
B.Com,Software Testing,6.34,2027,Junior Software Testing Engineer
B.Sc,Machine Learning,6.13,2027,Junior Machine Learning Engineer
M.Sc,Accounting,6.25,2025,Junior Accounting Associate
BBA,Finance,6.43,2025,Junior Finance Associate
M.Com,Cyber Security,5.17,2026,Tech Support Cyber
BCA,Digital Marketing,7.87,2026,Digital Marketing Manager
B.Com,Software Testing,9.83,2025,Senior Software Testing Architect
BCA,DevOps,7.06,2026,DevOps Specialist
B.E.,Embedded Systems,5.29,2024,Tech Support Embed
B.A.,Human Resources,8.74,2026,Strategic Human Resources Lead
M.E.,Blockchain,9.04,2026,Senior Blockchain Architect
M.Sc,Full Stack Dev,7.49,2025,Full Stack Dev Specialist
MBA,Business Analytics,8.6,2026,Strategic Business Analytics Lead
M.Com,Operations,8.71,2025,Strategic Operations Lead
M.E.,UI/UX Design,6.33,2027,Junior UI/UX Design Associate
Diploma,Artificial Intelligence,8.58,2026,Senior Artificial Intelligence Architect
B.Tech,Data Science,5.85,2024,Tech Support Data 
M.Sc,Blockchain,8.93,2025,Senior Blockchain Architect
BCA,Cyber Security,6.69,2027,Junior Cyber Security Engineer
B.Com,Human Resources,5.87,2024,Operations Asst (Human)
B.Com,IoT Systems,6.23,2024,Junior IoT Systems Engineer
M.Com,Digital Marketing,9.95,2027,Strategic Digital Marketing Lead
BBA,Business Analytics,6.39,2024,Junior Business Analytics Associate
MCA,Business Analytics,7.98,2026,Business Analytics Manager
B.Voc,Embedded Systems,5.55,2024,Tech Support Embed
BCA,IoT Systems,8.52,2024,Senior IoT Systems Architect
M.Sc,Product Management,7.28,2025,Product Management Manager
BCA,Machine Learning,6.62,2024,Junior Machine Learning Engineer
M.E.,Finance,6.9,2027,Junior Finance Associate
B.Sc,Software Testing,9.57,2026,Senior Software Testing Architect
B.E.,Blockchain,9.65,2024,Senior Blockchain Architect
MBA,Content Strategy,7.38,2025,Content Strategy Manager
MCA,Operations,8.75,2024,Strategic Operations Lead
B.Voc,Cyber Security,9.97,2027,Senior Cyber Security Architect
M.Tech,Supply Chain,6.81,2027,Strategic Project Management Lead
MCA,Data Analytics,5.19,2027,Tech Support Data 
MBA,Product Management,9.94,2024,Cyber Security Specialist
M.Tech,Network Security,6.2,2024,Junior Network Security Engineer
M.Tech,Content Strategy,5.03,2026,Strategic Customer Success Lead
B.A.,Customer Success,5.21,2027,Operations Asst (Custo)
M.Tech,Cloud Computing,8.83,2025,Strategic Human Resources Lead
Diploma,Data Science,7.18,2027,Data Science Specialist
MCA,Cloud Computing,8.21,2027,Strategic Finance Lead
M.Sc,Software Testing,9.47,2024,Senior Software Testing Architect
M.E.,Public Relations,5.4,2024,Digital Marketing Manager
M.Sc,Data Analytics,6.0,2024,Operations Asst (Proje)
M.Com,Mobile App Dev,9.82,2026,Operations Asst (Opera)
BCA,Full Stack Dev,7.5,2026,Full Stack Dev Specialist
B.A.,Content Strategy,6.34,2024,Big Data Specialist
B.Com,IoT Systems,6.6,2027,Junior IoT Systems Engineer
M.Sc,Big Data,7.61,2025,Big Data Specialist
M.E.,Project Management,6.48,2024,Data Science Specialist
M.Sc,Content Strategy,9.21,2026,Senior Artificial Intelligence Architect
BCA,Artificial Intelligence,7.21,2024,Artificial Intelligence Specialist
M.Sc,Network Security,6.48,2026,Junior Network Security Engineer
M.E.,Blockchain,9.06,2027,Senior Blockchain Architect
M.E.,Artificial Intelligence,5.93,2025,Senior Data Science Architect
M.E.,Human Resources,9.96,2026,Strategic Human Resources Lead
BBA,Cyber Security,6.56,2027,Junior Cyber Security Engineer
B.Voc,Project Management,6.32,2026,Data Science Specialist
M.Sc,Corporate Law,6.93,2025,Junior Corporate Law Associate
BBA,Sales,6.81,2027,Artificial Intelligence Specialist
B.Com,IoT Systems,6.3,2026,Junior IoT Systems Engineer
B.Com,Blockchain,5.17,2025,Tech Support Block
M.Com,Cyber Security,5.7,2026,Tech Support Cyber
B.Sc,IoT Systems,7.12,2024,Junior Finance Associate
B.Voc,Content Strategy,7.81,2027,Content Strategy Manager
B.Sc,Project Management,6.23,2025,Data Science Specialist
M.Com,Operations,9.57,2024,Strategic Operations Lead
M.Sc,Public Relations,9.94,2026,Junior Blockchain Engineer
BBA,Machine Learning,6.22,2025,Junior Machine Learning Engineer
M.Sc,Supply Chain,5.53,2024,Junior Corporate Law Associate
M.Sc,Mobile App Dev,5.63,2025,Tech Support Full 
M.Com,Content Strategy,9.95,2026,Senior Artificial Intelligence Architect
M.Tech,Data Science,6.2,2024,Operations Asst (Custo)
B.Tech,Data Science,7.61,2024,Data Science Specialist
M.Sc,UI/UX Design,9.8,2025,Strategic UI/UX Design Lead
M.Sc,Sales,9.29,2027,Junior Business Analytics Associate
BBA,Digital Marketing,8.37,2027,Digital Marketing Manager
M.Com,Accounting,6.26,2024,Junior Accounting Associate
B.Com,Project Management,6.18,2025,Data Science Specialist
BCA,Corporate Law,6.03,2026,Junior Corporate Law Associate
B.Tech,Software Testing,5.32,2027,Software Testing Specialist
BBA,Big Data,6.94,2024,Junior Big Data Engineer
M.E.,Public Relations,6.71,2025,Supply Chain Manager
BBA,Cloud Computing,5.54,2024,Junior Accounting Associate
MBA,Cyber Security,6.76,2025,Junior Cyber Security Engineer
Diploma,Data Analytics,6.29,2027,Operations Asst (Proje)
B.A.,Business Analytics,7.12,2025,Business Analytics Manager
B.Voc,Network Security,6.52,2024,Junior Network Security Engineer
MCA,Software Testing,8.78,2026,Senior Software Testing Architect
B.A.,Accounting,5.35,2024,Mobile App Dev Specialist
B.E.,Cyber Security,7.18,2024,Cyber Security Specialist
BBA,Operations,8.65,2026,Strategic Operations Lead
BBA,Big Data,7.92,2024,Big Data Specialist
B.Tech,Machine Learning,7.19,2026,Content Strategy Manager
MCA,Cyber Security,5.25,2025,Tech Support Cyber
BCA,Human Resources,5.23,2027,Operations Asst (Human)
B.Com,Corporate Law,8.43,2026,Full Stack Dev Specialist
MCA,Artificial Intelligence,8.81,2024,Senior Artificial Intelligence Architect
Diploma,Operations,5.76,2027,Operations Asst (Opera)
Diploma,Full Stack Dev,9.99,2027,DevOps Specialist
M.Tech,Data Analytics,7.39,2027,Junior Human Resources Associate
B.Tech,Data Science,5.29,2024,Tech Support Data 
B.Com,Supply Chain,7.47,2025,Supply Chain Manager
M.Tech,Mobile App Dev,5.01,2025,Tech Support Full 
B.Tech,Mobile App Dev,9.33,2027,Operations Asst (Opera)
M.Sc,Big Data,8.05,2026,Big Data Specialist
M.Sc,Sales,7.03,2027,Junior Big Data Engineer
Diploma,Public Relations,7.05,2026,Junior Network Security Engineer
Diploma,UI/UX Design,6.6,2024,Junior UI/UX Design Associate
B.Com,Digital Marketing,6.71,2024,Operations Asst (Produ)
M.Sc,Machine Learning,8.67,2027,Tech Support Block
Diploma,Digital Marketing,7.08,2024,Digital Marketing Manager
Diploma,Cyber Security,6.67,2026,Junior Cyber Security Engineer
MBA,Digital Marketing,6.68,2024,Operations Asst (Produ)
B.Tech,Network Security,5.78,2025,Strategic UI/UX Design Lead
B.A.,Cloud Computing,8.66,2026,Strategic Human Resources Lead
BCA,Machine Learning,5.07,2027,Junior Software Testing Engineer
MCA,Mobile App Dev,9.73,2027,Operations Asst (Opera)
B.Com,Public Relations,6.33,2026,Supply Chain Manager
MBA,Data Analytics,7.54,2024,Junior Human Resources Associate
B.A.,Sales,6.59,2027,Artificial Intelligence Specialist
M.E.,Embedded Systems,9.87,2027,Junior Machine Learning Engineer
M.E.,Full Stack Dev,7.53,2027,Full Stack Dev Specialist
M.Sc,Artificial Intelligence,7.57,2026,Artificial Intelligence Specialist
MBA,Artificial Intelligence,8.17,2024,Artificial Intelligence Specialist
Diploma,Data Analytics,6.61,2024,Operations Asst (Proje)
MCA,Network Security,9.64,2027,Tech Support Cyber
M.Tech,Embedded Systems,7.13,2026,Senior Software Testing Architect
MCA,Blockchain,5.21,2025,Tech Support Block
B.Com,Corporate Law,9.44,2024,Tech Support Embed
B.E.,Operations,6.8,2025,Senior Blockchain Architect
M.Tech,Operations,7.57,2026,Strategic Business Analytics Lead
B.Sc,Business Analytics,9.76,2027,Strategic Business Analytics Lead
BCA,Content Strategy,7.83,2026,Content Strategy Manager
M.Com,Cyber Security,6.76,2027,Junior Cyber Security Engineer
B.A.,Customer Success,8.47,2027,Strategic Operations Lead
B.Sc,Embedded Systems,9.27,2025,Junior Machine Learning Engineer
M.Sc,Blockchain,9.41,2027,Senior Blockchain Architect
B.E.,Network Security,7.81,2026,Junior UI/UX Design Associate
B.Sc,Machine Learning,6.46,2026,Junior Machine Learning Engineer
B.Voc,Machine Learning,7.46,2026,Content Strategy Manager
Diploma,Big Data,5.34,2026,Tech Support Data 
B.Tech,Project Management,9.57,2024,Strategic Project Management Lead
B.Sc,Human Resources,8.8,2026,Strategic Human Resources Lead
B.Com,Human Resources,6.94,2026,Junior Human Resources Associate
B.E.,Customer Success,9.32,2025,Strategic Customer Success Lead
BCA,Sales,5.48,2024,Junior Cyber Security Engineer
B.A.,Data Analytics,5.15,2027,Tech Support Data 
MCA,Full Stack Dev,9.4,2024,DevOps Specialist
B.Voc,Cyber Security,6.1,2027,Junior Cyber Security Engineer
M.E.,Customer Success,9.0,2024,Strategic Customer Success Lead
Diploma,Artificial Intelligence,6.55,2025,Operations Asst (Human)
Diploma,Embedded Systems,9.05,2024,Junior Machine Learning Engineer
M.Tech,Supply Chain,8.34,2026,Supply Chain Manager
B.E.,Digital Marketing,7.59,2027,Digital Marketing Manager
M.Tech,Cyber Security,8.73,2027,Senior Cyber Security Architect
B.Sc,UI/UX Design,9.44,2025,Strategic UI/UX Design Lead
BBA,Data Analytics,5.42,2025,Tech Support Data 
BBA,Customer Success,6.7,2026,Junior IoT Systems Engineer
B.Com,Big Data,5.06,2026,Tech Support Data 
MCA,IoT Systems,5.09,2026,Strategic Digital Marketing Lead
B.A.,Corporate Law,8.3,2026,Full Stack Dev Specialist
M.Com,Embedded Systems,6.22,2024,Business Analytics Manager
Diploma,Supply Chain,9.11,2025,Senior IoT Systems Architect
M.Sc,Public Relations,7.12,2025,Junior Network Security Engineer
B.Sc,Data Analytics,8.19,2025,Junior Human Resources Associate
B.Tech,Mobile App Dev,9.12,2027,Operations Asst (Opera)
B.Tech,Customer Success,9.56,2027,Strategic Customer Success Lead
M.Sc,Software Testing,5.42,2024,Software Testing Specialist
M.Tech,Software Testing,9.05,2027,Senior Software Testing Architect
M.Sc,IoT Systems,5.12,2026,Strategic Digital Marketing Lead
B.Tech,Product Management,5.66,2025,Operations Asst (Produ)
B.E.,Machine Learning,7.96,2024,Content Strategy Manager
B.Com,Supply Chain,7.13,2024,Supply Chain Manager
M.Tech,Customer Success,8.02,2027,Strategic Operations Lead
M.E.,Full Stack Dev,7.82,2026,Full Stack Dev Specialist
B.Sc,Software Testing,5.55,2024,Software Testing Specialist
B.Voc,Data Analytics,7.03,2025,Junior Human Resources Associate
B.Tech,Big Data,7.37,2025,Big Data Specialist
B.Com,Accounting,7.69,2024,Product Management Manager
M.E.,Content Strategy,5.6,2027,Strategic Customer Success Lead
B.Voc,Software Testing,5.7,2024,Software Testing Specialist
MCA,Digital Marketing,6.89,2024,Operations Asst (Produ)
B.Tech,Content Strategy,5.53,2027,Strategic Customer Success Lead
B.Com,DevOps,7.86,2027,DevOps Specialist
M.Com,Project Management,5.51,2026,Operations Asst (Proje)
B.Sc,Software Testing,6.03,2026,Junior Software Testing Engineer
B.Tech,Public Relations,7.67,2026,Junior Network Security Engineer
BCA,Customer Success,6.27,2027,Junior IoT Systems Engineer
M.Sc,Mobile App Dev,8.17,2024,Mobile App Dev Specialist
B.Com,Mobile App Dev,8.39,2026,Mobile App Dev Specialist
B.Sc,Operations,5.55,2026,Operations Asst (Opera)
B.Sc,Public Relations,7.3,2025,Junior Network Security Engineer
M.E.,Public Relations,6.29,2027,Supply Chain Manager
B.A.,Digital Marketing,9.99,2024,Strategic Digital Marketing Lead
M.E.,Accounting,5.05,2025,Mobile App Dev Specialist
B.E.,Cyber Security,9.87,2027,Senior Cyber Security Architect
M.E.,Business Analytics,8.39,2024,Business Analytics Manager
B.Tech,Blockchain,9.83,2027,Senior Blockchain Architect
M.Com,Digital Marketing,5.83,2024,Senior Cyber Security Architect
B.Sc,Supply Chain,6.18,2025,Strategic Project Management Lead
BBA,Big Data,8.72,2024,Strategic Project Management Lead
B.Tech,Full Stack Dev,8.05,2026,Full Stack Dev Specialist
B.Voc,Accounting,8.21,2026,Product Management Manager
M.Com,Sales,8.8,2025,Junior Business Analytics Associate
M.E.,Data Analytics,9.83,2025,Cyber Security Specialist
M.Sc,Public Relations,7.42,2025,Junior Network Security Engineer
B.Tech,Corporate Law,5.57,2026,Strategic Customer Success Lead
M.Sc,Cyber Security,7.67,2027,Cyber Security Specialist
B.Voc,Customer Success,6.95,2024,Junior IoT Systems Engineer
B.Com,Business Analytics,5.54,2026,Strategic Human Resources Lead
B.E.,Project Management,5.64,2025,Operations Asst (Proje)
B.Sc,Embedded Systems,5.23,2025,Tech Support Embed
Diploma,Cloud Computing,8.68,2024,Strategic Human Resources Lead
B.Sc,Embedded Systems,9.95,2025,Junior Machine Learning Engineer
B.Tech,Software Testing,7.69,2024,Software Testing Specialist
M.Sc,Full Stack Dev,8.42,2024,Full Stack Dev Specialist
BBA,Corporate Law,5.05,2025,Strategic Customer Success Lead
MBA,Product Management,8.8,2024,Cyber Security Specialist
M.Sc,Supply Chain,8.77,2024,Senior IoT Systems Architect
M.Com,UI/UX Design,5.6,2027,Strategic Finance Lead
MCA,Embedded Systems,7.81,2026,Senior Software Testing Architect
B.Com,Operations,9.97,2024,Strategic Operations Lead
B.Voc,Machine Learning,8.67,2027,Tech Support Block
B.Sc,Supply Chain,9.9,2027,Senior IoT Systems Architect
BCA,Full Stack Dev,5.9,2027,Tech Support Full 
B.Com,Supply Chain,7.43,2027,Supply Chain Manager
B.A.,Data Science,5.72,2025,Tech Support Data 
B.Tech,Big Data,8.82,2027,Strategic Project Management Lead
B.A.,Machine Learning,9.4,2025,Tech Support Block
B.Sc,Business Analytics,7.74,2026,Business Analytics Manager
BBA,Content Strategy,5.9,2025,Strategic Customer Success Lead
B.Sc,DevOps,6.72,2025,Digital Marketing Manager
B.Tech,Operations,7.7,2025,Strategic Business Analytics Lead
B.Voc,Corporate Law,8.51,2026,Tech Support Embed
M.Tech,IoT Systems,8.25,2025,Junior Finance Associate
B.Voc,Network Security,5.67,2027,Strategic UI/UX Design Lead
MBA,Supply Chain,9.76,2027,Senior IoT Systems Architect
B.Sc,Content Strategy,8.83,2025,Senior Artificial Intelligence Architect
M.Com,Cyber Security,5.35,2027,Tech Support Cyber
M.E.,Blockchain,5.11,2026,Tech Support Block
BBA,Finance,5.96,2024,Operations Asst (Proje)
B.E.,Project Management,9.43,2027,Strategic Project Management Lead
B.Tech,Digital Marketing,8.71,2026,Strategic Digital Marketing Lead
MBA,Public Relations,8.12,2027,Junior Network Security Engineer
B.Com,Operations,5.07,2025,Operations Asst (Opera)
B.Tech,Public Relations,6.61,2026,Supply Chain Manager
B.A.,Network Security,7.35,2024,Junior UI/UX Design Associate
M.Sc,Corporate Law,5.55,2026,Strategic Customer Success Lead
MCA,Cloud Computing,9.84,2024,Strategic Human Resources Lead
BCA,Blockchain,7.14,2024,Operations Asst (Opera)
BCA,Data Science,9.48,2027,Senior Data Science Architect
B.Tech,Data Science,6.71,2024,Operations Asst (Custo)
M.Com,IoT Systems,9.75,2024,Senior IoT Systems Architect
MBA,Blockchain,6.62,2026,Junior Blockchain Engineer
BBA,Public Relations,6.05,2025,Supply Chain Manager
M.Com,DevOps,7.48,2024,DevOps Specialist
B.Com,Business Analytics,5.04,2026,Strategic Human Resources Lead
B.A.,Machine Learning,5.46,2025,Junior Software Testing Engineer
MBA,Operations,7.2,2026,Strategic Business Analytics Lead
Diploma,Software Testing,6.32,2025,Junior Software Testing Engineer
M.Tech,Human Resources,9.34,2026,Strategic Human Resources Lead
B.Com,Big Data,9.85,2026,Strategic Project Management Lead
M.Tech,Cloud Computing,5.31,2026,Junior Accounting Associate
B.A.,Cloud Computing,8.85,2026,Strategic Human Resources Lead
B.A.,Public Relations,5.45,2027,Digital Marketing Manager
MBA,Operations,7.17,2027,Strategic Business Analytics Lead
M.Com,Digital Marketing,5.65,2026,Senior Cyber Security Architect
BBA,Product Management,5.13,2024,Operations Asst (Produ)
M.Com,Full Stack Dev,9.57,2026,DevOps Specialist
BBA,Product Management,8.32,2024,Product Management Manager
B.E.,IoT Systems,6.38,2025,Junior IoT Systems Engineer
Diploma,Cyber Security,7.69,2026,Cyber Security Specialist
B.A.,Artificial Intelligence,5.96,2027,Senior Data Science Architect
MCA,Finance,5.56,2024,Operations Asst (Proje)
M.Com,Cyber Security,5.54,2026,Tech Support Cyber
M.E.,Big Data,9.32,2027,Strategic Project Management Lead
B.Voc,Corporate Law,9.55,2026,Tech Support Embed
M.Com,Corporate Law,8.39,2027,Full Stack Dev Specialist
M.Sc,Human Resources,5.53,2027,Operations Asst (Human)
B.A.,Customer Success,9.14,2026,Strategic Customer Success Lead
B.E.,Accounting,6.88,2026,Junior Accounting Associate
M.Tech,Accounting,6.81,2025,Junior Accounting Associate
M.Com,Finance,9.58,2025,Strategic Finance Lead
B.Sc,UI/UX Design,5.18,2024,Strategic Finance Lead
B.A.,Mobile App Dev,5.29,2027,Tech Support Full 
B.Com,Finance,8.05,2027,Big Data Specialist
B.Sc,Cloud Computing,9.3,2025,Strategic Human Resources Lead
M.Sc,Embedded Systems,8.07,2026,Senior Software Testing Architect
B.Voc,Embedded Systems,6.86,2026,Business Analytics Manager
BCA,Software Testing,7.74,2026,Software Testing Specialist
B.Com,Corporate Law,7.26,2024,Full Stack Dev Specialist
MCA,Data Science,7.39,2025,Data Science Specialist
B.A.,Project Management,8.29,2027,Data Science Specialist
B.Voc,Operations,6.55,2024,Senior Blockchain Architect
B.Tech,Cyber Security,9.87,2024,Senior Cyber Security Architect
Diploma,DevOps,7.98,2027,DevOps Specialist
BCA,Finance,5.64,2024,Operations Asst (Proje)
B.A.,Cyber Security,6.9,2024,Junior Cyber Security Engineer
B.Tech,Project Management,9.64,2027,Strategic Project Management Lead
B.Sc,Embedded Systems,8.75,2027,Junior Machine Learning Engineer
M.Com,Mobile App Dev,7.08,2026,Mobile App Dev Specialist
MBA,Embedded Systems,9.42,2027,Junior Machine Learning Engineer
BCA,Business Analytics,9.02,2025,Strategic Business Analytics Lead
B.A.,Public Relations,7.11,2027,Junior Network Security Engineer
B.A.,Mobile App Dev,9.35,2027,Operations Asst (Opera)
MCA,Content Strategy,9.48,2027,Senior Artificial Intelligence Architect
B.Tech,Network Security,5.76,2024,Strategic UI/UX Design Lead
Diploma,Supply Chain,6.74,2024,Strategic Project Management Lead
B.Tech,Finance,6.95,2026,Junior Finance Associate
Diploma,Cloud Computing,5.85,2026,Junior Accounting Associate
MCA,Embedded Systems,6.02,2027,Business Analytics Manager
BCA,Big Data,6.19,2025,Junior Big Data Engineer
MBA,Data Science,7.79,2026,Data Science Specialist
B.Com,Product Management,5.71,2024,Operations Asst (Produ)
BBA,DevOps,6.04,2027,Digital Marketing Manager
Diploma,Business Analytics,8.35,2026,Business Analytics Manager
M.Sc,Corporate Law,9.26,2024,Tech Support Embed
B.Voc,Content Strategy,6.37,2024,Big Data Specialist
BBA,Digital Marketing,8.28,2024,Digital Marketing Manager
MBA,Cyber Security,7.29,2024,Cyber Security Specialist
M.E.,Digital Marketing,6.36,2025,Operations Asst (Produ)
B.Com,Corporate Law,7.54,2025,Full Stack Dev Specialist
M.Tech,Product Management,7.66,2025,Product Management Manager
M.E.,Finance,5.36,2025,Operations Asst (Proje)
Diploma,Cloud Computing,8.28,2026,Strategic Finance Lead
MCA,UI/UX Design,5.93,2024,Strategic Finance Lead
Diploma,Machine Learning,9.81,2026,Tech Support Block
BCA,Embedded Systems,8.08,2025,Senior Software Testing Architect
BCA,Content Strategy,8.3,2026,Content Strategy Manager
B.E.,Customer Success,9.25,2027,Strategic Customer Success Lead
M.E.,Artificial Intelligence,8.99,2025,Senior Artificial Intelligence Architect
B.Tech,Customer Success,5.3,2027,Operations Asst (Custo)
B.Tech,Human Resources,8.46,2024,Senior Artificial Intelligence Architect
Diploma,Data Science,9.1,2024,Senior Data Science Architect
M.Com,Supply Chain,8.1,2024,Supply Chain Manager
B.Tech,Mobile App Dev,8.43,2027,Mobile App Dev Specialist
MBA,Customer Success,9.93,2024,Strategic Customer Success Lead
B.Voc,UI/UX Design,9.42,2024,Strategic UI/UX Design Lead
B.Voc,Digital Marketing,8.12,2025,Digital Marketing Manager
B.Sc,Blockchain,8.93,2026,Senior Blockchain Architect
M.Tech,Human Resources,7.76,2025,Senior Artificial Intelligence Architect
M.Tech,Finance,6.11,2024,Junior Finance Associate
B.Sc,Blockchain,7.76,2025,Operations Asst (Opera)
B.Tech,Accounting,5.31,2024,Mobile App Dev Specialist
B.Voc,Finance,8.68,2026,Strategic Finance Lead
BBA,Customer Success,8.82,2027,Strategic Customer Success Lead
Diploma,Software Testing,9.83,2027,Senior Software Testing Architect
M.Sc,IoT Systems,7.11,2025,Junior Finance Associate
B.Voc,Project Management,9.15,2025,Strategic Project Management Lead
M.E.,Blockchain,5.9,2025,Tech Support Block
B.E.,Full Stack Dev,5.79,2026,Tech Support Full 
M.Tech,Customer Success,5.46,2024,Operations Asst (Custo)
BCA,Big Data,5.08,2026,Tech Support Data 
B.A.,Cyber Security,9.46,2026,Senior Cyber Security Architect
B.E.,Sales,5.86,2026,Junior Cyber Security Engineer
M.Com,IoT Systems,8.55,2025,Senior IoT Systems Architect
BBA,Embedded Systems,6.97,2024,Business Analytics Manager
M.E.,Business Analytics,5.59,2025,Strategic Human Resources Lead
B.Com,IoT Systems,8.39,2027,Junior Finance Associate
BBA,Product Management,9.43,2027,Cyber Security Specialist
B.Sc,Full Stack Dev,9.09,2027,DevOps Specialist
MCA,Software Testing,7.45,2025,Software Testing Specialist
M.Sc,Machine Learning,9.65,2027,Tech Support Block
MCA,Finance,9.45,2024,Strategic Finance Lead
MBA,Operations,5.52,2024,Operations Asst (Opera)
MCA,Cloud Computing,8.46,2025,Strategic Finance Lead
MCA,Customer Success,8.17,2025,Strategic Operations Lead
BCA,Data Analytics,7.99,2025,Junior Human Resources Associate
MCA,UI/UX Design,5.27,2025,Strategic Finance Lead
B.Com,Human Resources,8.82,2025,Strategic Human Resources Lead
B.E.,Content Strategy,5.75,2025,Strategic Customer Success Lead
B.Com,UI/UX Design,5.94,2027,Strategic Finance Lead
M.Com,Software Testing,9.31,2025,Senior Software Testing Architect
Diploma,Cyber Security,9.93,2025,Senior Cyber Security Architect
M.Tech,Mobile App Dev,8.66,2024,Operations Asst (Opera)
Diploma,IoT Systems,6.42,2027,Junior IoT Systems Engineer
B.E.,Embedded Systems,6.26,2027,Business Analytics Manager
BCA,Big Data,7.42,2024,Big Data Specialist
BBA,UI/UX Design,9.17,2024,Strategic UI/UX Design Lead
BBA,Machine Learning,5.41,2026,Junior Software Testing Engineer
B.Com,Product Management,5.17,2024,Operations Asst (Produ)
M.Tech,Data Analytics,7.65,2025,Junior Human Resources Associate
MBA,Mobile App Dev,7.46,2025,Mobile App Dev Specialist
B.Voc,Embedded Systems,7.21,2024,Senior Software Testing Architect
B.Voc,UI/UX Design,5.02,2025,Strategic Finance Lead
B.Sc,Finance,8.17,2025,Big Data Specialist
BCA,Finance,5.98,2026,Operations Asst (Proje)
M.Sc,Blockchain,6.45,2027,Junior Blockchain Engineer
M.Sc,Embedded Systems,7.93,2024,Senior Software Testing Architect
MBA,Cloud Computing,7.12,2025,Strategic Finance Lead
M.Tech,Software Testing,8.91,2024,Senior Software Testing Architect
MCA,Operations,6.92,2026,Senior Blockchain Architect
MBA,Artificial Intelligence,9.18,2026,Senior Artificial Intelligence Architect
Diploma,Mobile App Dev,9.79,2025,Operations Asst (Opera)
M.E.,IoT Systems,9.15,2026,Senior IoT Systems Architect
B.Com,Human Resources,5.91,2026,Operations Asst (Human)
B.Tech,UI/UX Design,5.48,2024,Strategic Finance Lead
MBA,Product Management,6.67,2024,Senior Data Science Architect
M.E.,Public Relations,8.2,2027,Junior Network Security Engineer
M.E.,Finance,9.39,2024,Strategic Finance Lead
Diploma,Human Resources,8.07,2024,Senior Artificial Intelligence Architect
B.Tech,Finance,7.46,2025,Big Data Specialist
B.Com,Sales,7.2,2025,Junior Big Data Engineer
B.Com,Cyber Security,7.72,2027,Cyber Security Specialist
B.Sc,Cyber Security,8.32,2026,Cyber Security Specialist
M.Com,Project Management,7.29,2024,Data Science Specialist
B.Com,IoT Systems,8.97,2027,Senior IoT Systems Architect
B.Sc,Corporate Law,8.44,2027,Full Stack Dev Specialist
B.Tech,Finance,8.32,2025,Big Data Specialist
B.E.,Operations,7.39,2026,Strategic Business Analytics Lead
B.Tech,Corporate Law,9.52,2024,Tech Support Embed
MCA,Sales,5.37,2025,Junior Cyber Security Engineer
B.Com,Business Analytics,5.09,2027,Strategic Human Resources Lead
B.Voc,Corporate Law,8.88,2026,Tech Support Embed
BBA,Network Security,9.05,2027,Tech Support Cyber
M.Com,Software Testing,8.55,2024,Senior Software Testing Architect
BBA,Customer Success,9.0,2024,Strategic Customer Success Lead
B.Sc,Human Resources,9.52,2025,Strategic Human Resources Lead
B.Sc,Blockchain,8.17,2025,Operations Asst (Opera)
B.Sc,DevOps,7.93,2025,DevOps Specialist
B.Voc,Business Analytics,9.55,2026,Strategic Business Analytics Lead
BCA,Mobile App Dev,6.64,2027,Artificial Intelligence Specialist
M.E.,Finance,5.93,2027,Operations Asst (Proje)
Diploma,Business Analytics,7.75,2025,Business Analytics Manager
B.Tech,Data Science,9.63,2024,Senior Data Science Architect
M.Tech,Machine Learning,5.13,2027,Junior Software Testing Engineer
B.Tech,Cyber Security,8.72,2025,Senior Cyber Security Architect
B.A.,Embedded Systems,6.56,2024,Business Analytics Manager
M.Sc,Full Stack Dev,9.95,2025,DevOps Specialist
BCA,Big Data,5.48,2026,Tech Support Data 
M.E.,Cyber Security,5.91,2025,Tech Support Cyber
B.A.,Cloud Computing,6.11,2024,Junior Finance Associate
Diploma,Customer Success,5.81,2027,Operations Asst (Custo)
MBA,Human Resources,8.55,2024,Strategic Human Resources Lead
M.Tech,Blockchain,9.78,2027,Senior Blockchain Architect
M.Com,Operations,6.28,2025,Senior Blockchain Architect
MCA,Artificial Intelligence,7.89,2025,Artificial Intelligence Specialist
BCA,Data Science,7.94,2027,Data Science Specialist
M.Sc,Embedded Systems,9.36,2027,Junior Machine Learning Engineer
M.Com,Cloud Computing,5.11,2025,Junior Accounting Associate
B.Tech,Finance,5.09,2025,Operations Asst (Proje)
B.Tech,Big Data,8.55,2026,Strategic Project Management Lead
B.A.,Digital Marketing,6.55,2027,Operations Asst (Produ)
BCA,Software Testing,6.54,2024,Junior Software Testing Engineer
M.E.,Corporate Law,5.32,2024,Strategic Customer Success Lead
B.Tech,DevOps,7.51,2026,DevOps Specialist
BBA,Embedded Systems,9.82,2025,Junior Machine Learning Engineer
M.Tech,DevOps,6.43,2027,Digital Marketing Manager
MCA,Machine Learning,5.14,2027,Junior Software Testing Engineer
MCA,Network Security,8.44,2024,Junior UI/UX Design Associate
B.Tech,Product Management,5.54,2025,Operations Asst (Produ)
M.Tech,Finance,5.29,2024,Operations Asst (Proje)
B.A.,Sales,7.18,2027,Junior Big Data Engineer
B.E.,Mobile App Dev,9.78,2025,Operations Asst (Opera)
M.Tech,Content Strategy,9.55,2026,Senior Artificial Intelligence Architect
M.Sc,Sales,6.71,2026,Artificial Intelligence Specialist
MBA,Project Management,8.97,2026,Strategic Project Management Lead
B.Com,Artificial Intelligence,6.7,2025,Operations Asst (Human)
B.Sc,Product Management,7.86,2027,Product Management Manager
MCA,Blockchain,9.4,2025,Senior Blockchain Architect
B.Voc,Sales,7.66,2027,Junior Big Data Engineer
B.Com,Network Security,6.57,2027,Junior Network Security Engineer
M.Tech,DevOps,9.72,2027,Junior Blockchain Engineer
MCA,Data Analytics,9.7,2027,Cyber Security Specialist
B.Com,Mobile App Dev,5.87,2025,Tech Support Full 
BBA,DevOps,8.58,2024,Junior Blockchain Engineer
B.Com,Operations,7.24,2027,Strategic Business Analytics Lead
B.Voc,Sales,6.75,2026,Artificial Intelligence Specialist
BCA,Sales,9.49,2025,Junior Business Analytics Associate
B.Tech,Cyber Security,5.34,2027,Tech Support Cyber
B.Com,Supply Chain,8.07,2027,Supply Chain Manager
B.Com,Mobile App Dev,6.89,2024,Artificial Intelligence Specialist
B.A.,Public Relations,5.74,2026,Digital Marketing Manager
B.Com,Content Strategy,5.5,2027,Strategic Customer Success Lead
M.E.,Big Data,6.67,2025,Junior Big Data Engineer
MBA,Corporate Law,8.21,2024,Full Stack Dev Specialist
B.E.,Mobile App Dev,6.48,2025,Artificial Intelligence Specialist
B.A.,Full Stack Dev,6.92,2026,Junior Corporate Law Associate
B.E.,Full Stack Dev,6.45,2025,Junior Corporate Law Associate
BCA,Blockchain,5.44,2027,Tech Support Block
B.Tech,Customer Success,9.15,2026,Strategic Customer Success Lead
Diploma,Full Stack Dev,5.78,2027,Tech Support Full 
M.Com,Human Resources,6.25,2025,Junior Human Resources Associate
M.Sc,Finance,6.93,2026,Junior Finance Associate
M.E.,Finance,6.19,2025,Junior Finance Associate
M.Sc,Embedded Systems,6.98,2027,Business Analytics Manager
B.Sc,Accounting,8.07,2025,Product Management Manager
B.Com,Public Relations,9.37,2024,Junior Blockchain Engineer
M.Tech,Sales,7.38,2026,Junior Big Data Engineer
B.E.,Data Analytics,8.04,2025,Junior Human Resources Associate
M.Sc,DevOps,6.55,2025,Digital Marketing Manager
B.Tech,Embedded Systems,6.45,2027,Business Analytics Manager
M.E.,Embedded Systems,9.93,2024,Junior Machine Learning Engineer
B.Sc,Finance,8.57,2026,Strategic Finance Lead
B.Tech,Data Analytics,5.76,2025,Tech Support Data 
M.Sc,Mobile App Dev,9.23,2026,Operations Asst (Opera)
M.Tech,Finance,6.76,2026,Junior Finance Associate
B.Tech,Public Relations,9.39,2026,Junior Blockchain Engineer
B.Sc,Big Data,6.31,2026,Junior Big Data Engineer
MCA,Accounting,6.83,2026,Junior Accounting Associate
MBA,Digital Marketing,9.7,2026,Strategic Digital Marketing Lead
Diploma,Software Testing,8.19,2027,Software Testing Specialist
MCA,Cyber Security,8.29,2025,Cyber Security Specialist
MCA,Operations,5.83,2027,Operations Asst (Opera)
MBA,Business Analytics,7.84,2025,Business Analytics Manager
B.A.,Cloud Computing,8.69,2025,Strategic Human Resources Lead
M.Tech,Finance,6.35,2027,Junior Finance Associate
B.Com,Accounting,7.77,2024,Product Management Manager
MCA,Data Science,8.45,2026,Data Science Specialist
MCA,Data Analytics,5.11,2026,Tech Support Data 
BCA,Cloud Computing,6.31,2025,Junior Finance Associate
Diploma,Human Resources,8.59,2027,Strategic Human Resources Lead
M.Com,Finance,9.13,2026,Strategic Finance Lead
B.E.,IoT Systems,6.19,2025,Junior IoT Systems Engineer
B.Voc,Mobile App Dev,8.24,2024,Mobile App Dev Specialist
B.Com,Corporate Law,6.8,2026,Junior Corporate Law Associate
B.Tech,Customer Success,7.4,2027,Strategic Operations Lead
B.E.,Business Analytics,9.14,2027,Strategic Business Analytics Lead
B.E.,Supply Chain,7.88,2025,Supply Chain Manager
B.A.,Public Relations,5.03,2025,Digital Marketing Manager
B.Sc,Network Security,9.8,2025,Tech Support Cyber
B.Sc,IoT Systems,8.8,2026,Senior IoT Systems Architect
B.Tech,Product Management,5.1,2025,Operations Asst (Produ)
Diploma,Big Data,6.72,2027,Junior Big Data Engineer
M.Com,Embedded Systems,7.17,2027,Senior Software Testing Architect
B.A.,Digital Marketing,7.0,2025,Digital Marketing Manager
B.A.,Embedded Systems,6.91,2027,Business Analytics Manager
B.E.,Content Strategy,6.71,2025,Big Data Specialist
BBA,Project Management,7.71,2024,Data Science Specialist
M.Com,Cyber Security,5.1,2024,Tech Support Cyber
M.Com,Software Testing,6.06,2026,Junior Software Testing Engineer
M.Com,Big Data,5.93,2025,Tech Support Data 
Diploma,Machine Learning,9.57,2024,Tech Support Block
MBA,Customer Success,8.86,2024,Strategic Customer Success Lead
M.E.,Network Security,6.45,2025,Junior Network Security Engineer
Diploma,Human Resources,8.55,2026,Strategic Human Resources Lead
B.A.,Supply Chain,7.77,2026,Supply Chain Manager
B.Sc,Content Strategy,5.7,2027,Strategic Customer Success Lead
M.Sc,Digital Marketing,9.43,2024,Strategic Digital Marketing Lead
MCA,Full Stack Dev,5.06,2027,Tech Support Full 
M.Tech,Big Data,6.28,2026,Junior Big Data Engineer
B.Com,Public Relations,7.53,2024,Junior Network Security Engineer
M.Tech,Business Analytics,5.96,2026,Strategic Human Resources Lead
B.E.,Digital Marketing,8.62,2027,Strategic Digital Marketing Lead
BCA,Customer Success,8.54,2027,Strategic Customer Success Lead
M.Tech,Business Analytics,7.54,2024,Business Analytics Manager
Diploma,Product Management,8.6,2024,Cyber Security Specialist
Diploma,DevOps,5.16,2025,Tech Support Full 
M.Sc,Product Management,9.61,2025,Cyber Security Specialist
B.Tech,Product Management,6.19,2025,Senior Data Science Architect
M.E.,Data Science,6.49,2025,Operations Asst (Custo)
B.Voc,Public Relations,6.14,2026,Supply Chain Manager
BBA,Project Management,6.47,2024,Data Science Specialist
M.Com,Data Analytics,9.76,2024,Cyber Security Specialist
BCA,Cloud Computing,5.96,2027,Junior Accounting Associate
BCA,Artificial Intelligence,5.89,2024,Senior Data Science Architect
M.Com,DevOps,5.38,2027,Tech Support Full 
B.Voc,Business Analytics,5.91,2027,Strategic Human Resources Lead
M.Tech,Project Management,6.88,2024,Data Science Specialist
BCA,Product Management,9.84,2024,Cyber Security Specialist
MBA,Software Testing,9.43,2024,Senior Software Testing Architect
BCA,Product Management,5.57,2025,Operations Asst (Produ)
B.E.,Cyber Security,7.97,2025,Cyber Security Specialist
M.Com,Public Relations,7.69,2027,Junior Network Security Engineer
BCA,Blockchain,6.84,2025,Junior Blockchain Engineer
BBA,Embedded Systems,7.81,2025,Senior Software Testing Architect
B.E.,Content Strategy,6.41,2025,Big Data Specialist
BCA,Cloud Computing,8.84,2026,Strategic Human Resources Lead
M.Tech,Operations,6.16,2027,Senior Blockchain Architect
Diploma,IoT Systems,8.72,2024,Senior IoT Systems Architect
M.Sc,Project Management,8.15,2024,Data Science Specialist
B.E.,Content Strategy,9.58,2024,Senior Artificial Intelligence Architect
B.Com,DevOps,7.85,2026,DevOps Specialist
BCA,Data Analytics,7.56,2024,Junior Human Resources Associate
BBA,Embedded Systems,9.23,2024,Junior Machine Learning Engineer
B.Tech,Cloud Computing,7.93,2025,Strategic Finance Lead
B.Sc,Operations,8.61,2027,Strategic Operations Lead
BCA,IoT Systems,6.54,2027,Junior IoT Systems Engineer
M.E.,Operations,9.2,2027,Strategic Operations Lead
M.Tech,Human Resources,5.68,2027,Operations Asst (Human)
MBA,Cloud Computing,9.09,2025,Strategic Human Resources Lead
M.Sc,Data Analytics,7.67,2025,Junior Human Resources Associate
M.Com,Artificial Intelligence,6.4,2027,Operations Asst (Human)
M.Sc,Human Resources,8.33,2024,Senior Artificial Intelligence Architect
M.Tech,Product Management,8.88,2026,Cyber Security Specialist
BCA,Big Data,7.4,2026,Big Data Specialist
M.E.,Artificial Intelligence,7.79,2026,Artificial Intelligence Specialist
M.Sc,Digital Marketing,7.06,2025,Digital Marketing Manager
MBA,Blockchain,7.23,2027,Operations Asst (Opera)
M.Com,Mobile App Dev,5.43,2026,Tech Support Full 
B.Com,Supply Chain,8.19,2025,Supply Chain Manager
B.Tech,Accounting,6.66,2027,Junior Accounting Associate
M.E.,Network Security,9.19,2025,Tech Support Cyber
M.E.,Human Resources,6.7,2026,Junior Human Resources Associate
Diploma,Accounting,5.54,2024,Mobile App Dev Specialist
M.Com,Sales,7.78,2025,Junior Big Data Engineer
B.Voc,Project Management,6.56,2027,Data Science Specialist
B.A.,UI/UX Design,8.75,2024,Strategic UI/UX Design Lead
B.E.,Supply Chain,6.76,2024,Strategic Project Management Lead
M.Sc,Full Stack Dev,6.24,2024,Junior Corporate Law Associate
M.E.,Customer Success,7.13,2027,Strategic Operations Lead
B.Sc,Data Science,6.23,2027,Operations Asst (Custo)
BBA,Finance,7.66,2027,Big Data Specialist
B.A.,Accounting,7.08,2025,Product Management Manager
B.Sc,Accounting,5.7,2024,Mobile App Dev Specialist
BBA,Supply Chain,7.81,2026,Supply Chain Manager
M.E.,Blockchain,7.63,2024,Operations Asst (Opera)
M.Tech,Public Relations,9.17,2026,Junior Blockchain Engineer
M.Tech,Embedded Systems,6.07,2024,Business Analytics Manager
B.E.,Machine Learning,7.04,2026,Content Strategy Manager
M.E.,Software Testing,8.8,2027,Senior Software Testing Architect
M.Sc,UI/UX Design,7.29,2026,Operations Asst (Custo)
B.Tech,Product Management,6.59,2025,Senior Data Science Architect
M.Tech,Corporate Law,6.95,2027,Junior Corporate Law Associate
B.Voc,Big Data,7.65,2026,Big Data Specialist
MBA,Accounting,7.79,2026,Product Management Manager
B.A.,Big Data,6.13,2025,Junior Big Data Engineer
Diploma,Artificial Intelligence,7.05,2027,Artificial Intelligence Specialist
B.Sc,Finance,7.25,2026,Big Data Specialist
B.Com,Network Security,7.27,2027,Junior UI/UX Design Associate
M.E.,Digital Marketing,7.74,2026,Digital Marketing Manager
Diploma,Human Resources,5.7,2024,Operations Asst (Human)
M.Com,Machine Learning,7.8,2026,Content Strategy Manager
B.E.,Cloud Computing,9.19,2026,Strategic Human Resources Lead
MCA,Supply Chain,6.2,2025,Strategic Project Management Lead
MBA,Supply Chain,6.45,2024,Strategic Project Management Lead
B.Tech,Corporate Law,7.6,2025,Full Stack Dev Specialist
B.Voc,Business Analytics,8.22,2027,Business Analytics Manager
M.Sc,Project Management,8.39,2027,Data Science Specialist
B.Voc,Supply Chain,7.17,2025,Supply Chain Manager
B.E.,Public Relations,7.71,2027,Junior Network Security Engineer
M.Sc,Supply Chain,7.1,2026,Supply Chain Manager
B.A.,Supply Chain,9.04,2027,Senior IoT Systems Architect
MBA,Data Science,9.94,2027,Senior Data Science Architect
M.Sc,Cyber Security,5.15,2024,Tech Support Cyber
B.Tech,Sales,5.71,2027,Junior Cyber Security Engineer
Diploma,Finance,6.19,2027,Junior Finance Associate
B.Voc,Operations,6.22,2026,Senior Blockchain Architect
MCA,Cloud Computing,6.02,2026,Junior Finance Associate
B.Com,Data Science,6.79,2027,Operations Asst (Custo)
MBA,Accounting,7.48,2024,Product Management Manager
Diploma,DevOps,5.4,2024,Tech Support Full 
B.Voc,Cloud Computing,8.31,2026,Strategic Finance Lead
B.Sc,Accounting,5.03,2027,Mobile App Dev Specialist
MCA,Cyber Security,7.2,2027,Cyber Security Specialist
M.E.,Data Science,9.09,2025,Senior Data Science Architect
BCA,Cyber Security,5.97,2027,Tech Support Cyber
MBA,Software Testing,7.36,2024,Software Testing Specialist
B.E.,Operations,9.95,2027,Strategic Operations Lead
B.Sc,Supply Chain,9.22,2024,Senior IoT Systems Architect
B.Com,Human Resources,7.82,2026,Senior Artificial Intelligence Architect
BBA,Accounting,7.94,2026,Product Management Manager
MCA,Finance,8.14,2026,Big Data Specialist
B.A.,Corporate Law,6.68,2025,Junior Corporate Law Associate
M.Com,Machine Learning,5.97,2024,Junior Software Testing Engineer
MCA,DevOps,9.1,2026,Junior Blockchain Engineer
M.E.,UI/UX Design,8.78,2025,Strategic UI/UX Design Lead
B.Sc,Accounting,7.42,2027,Product Management Manager
M.Sc,DevOps,9.67,2024,Junior Blockchain Engineer
M.Sc,Machine Learning,8.77,2025,Tech Support Block
B.Voc,Machine Learning,6.65,2026,Junior Machine Learning Engineer
M.Sc,Mobile App Dev,5.79,2026,Tech Support Full 
BBA,Digital Marketing,5.89,2025,Senior Cyber Security Architect
M.E.,Operations,7.81,2025,Strategic Business Analytics Lead
MCA,Big Data,7.47,2026,Big Data Specialist
MCA,Big Data,5.94,2024,Tech Support Data 
BBA,Network Security,5.2,2027,Strategic UI/UX Design Lead
B.Voc,Human Resources,7.02,2024,Senior Artificial Intelligence Architect
B.E.,DevOps,6.52,2027,Digital Marketing Manager
M.Tech,Cloud Computing,8.45,2026,Strategic Finance Lead
MBA,Corporate Law,9.9,2026,Tech Support Embed
M.Com,Data Analytics,9.53,2027,Cyber Security Specialist
B.Tech,Blockchain,9.11,2026,Senior Blockchain Architect
M.Tech,Mobile App Dev,9.27,2024,Operations Asst (Opera)
B.Sc,Network Security,5.04,2024,Strategic UI/UX Design Lead
BBA,Supply Chain,8.3,2024,Supply Chain Manager
B.A.,Embedded Systems,6.78,2026,Business Analytics Manager
BCA,DevOps,7.52,2024,DevOps Specialist
B.Tech,Artificial Intelligence,7.06,2027,Artificial Intelligence Specialist
M.Sc,Sales,6.65,2025,Artificial Intelligence Specialist
M.E.,Project Management,8.17,2026,Data Science Specialist
M.Tech,Business Analytics,6.41,2026,Junior Business Analytics Associate
M.Tech,Sales,5.12,2025,Junior Cyber Security Engineer
M.Sc,Cloud Computing,9.49,2024,Strategic Human Resources Lead
B.Tech,Cyber Security,5.8,2026,Tech Support Cyber
Diploma,Sales,9.09,2027,Junior Business Analytics Associate
M.Sc,IoT Systems,5.81,2025,Strategic Digital Marketing Lead
MCA,Big Data,5.59,2024,Tech Support Data 
M.E.,Data Analytics,7.71,2025,Junior Human Resources Associate
BCA,Software Testing,7.11,2025,Software Testing Specialist
MBA,Accounting,8.85,2026,Junior Business Analytics Associate
B.Voc,Machine Learning,6.18,2025,Junior Machine Learning Engineer
BBA,Customer Success,6.8,2026,Junior IoT Systems Engineer
MCA,Operations,7.04,2024,Strategic Business Analytics Lead
B.E.,Mobile App Dev,8.62,2026,Operations Asst (Opera)
BBA,Accounting,7.1,2027,Product Management Manager
BCA,Content Strategy,5.64,2026,Strategic Customer Success Lead
B.Voc,Supply Chain,7.96,2027,Supply Chain Manager
B.E.,IoT Systems,5.06,2024,Strategic Digital Marketing Lead
B.Voc,Human Resources,8.03,2025,Senior Artificial Intelligence Architect
BCA,Accounting,5.73,2027,Mobile App Dev Specialist
M.E.,DevOps,7.95,2027,DevOps Specialist
Diploma,Machine Learning,6.58,2027,Junior Machine Learning Engineer
M.Com,Mobile App Dev,9.11,2025,Operations Asst (Opera)
M.Com,Big Data,5.45,2027,Tech Support Data 
M.Tech,Software Testing,6.19,2026,Junior Software Testing Engineer
B.Tech,Supply Chain,5.07,2025,Junior Corporate Law Associate
M.Tech,Project Management,9.28,2025,Strategic Project Management Lead
B.Voc,Big Data,6.57,2025,Junior Big Data Engineer
BBA,Public Relations,7.54,2024,Junior Network Security Engineer
M.Tech,IoT Systems,9.28,2027,Senior IoT Systems Architect
MBA,Corporate Law,7.62,2027,Full Stack Dev Specialist
B.Voc,Finance,6.29,2027,Junior Finance Associate
MCA,Full Stack Dev,6.55,2027,Junior Corporate Law Associate
M.E.,Cyber Security,7.49,2025,Cyber Security Specialist
B.Sc,Artificial Intelligence,8.09,2024,Artificial Intelligence Specialist
B.Com,Customer Success,5.46,2026,Operations Asst (Custo)
B.Tech,Cloud Computing,7.47,2026,Strategic Finance Lead
B.Com,Project Management,5.04,2027,Operations Asst (Proje)
B.E.,Supply Chain,8.0,2025,Supply Chain Manager
BCA,Operations,7.13,2026,Strategic Business Analytics Lead
BBA,Data Science,9.11,2027,Senior Data Science Architect
B.E.,IoT Systems,8.14,2027,Junior Finance Associate
B.E.,Cyber Security,6.45,2026,Junior Cyber Security Engineer
M.E.,Artificial Intelligence,5.29,2024,Senior Data Science Architect
M.Tech,Network Security,7.75,2026,Junior UI/UX Design Associate
B.Sc,Corporate Law,8.65,2027,Tech Support Embed
MCA,Machine Learning,8.51,2027,Tech Support Block
B.Sc,Content Strategy,8.85,2024,Senior Artificial Intelligence Architect
MCA,Mobile App Dev,5.27,2025,Tech Support Full 
BCA,Data Science,6.43,2025,Operations Asst (Custo)
M.Com,Artificial Intelligence,8.44,2025,Artificial Intelligence Specialist
B.Com,Business Analytics,7.96,2025,Business Analytics Manager
M.Tech,Public Relations,5.16,2024,Digital Marketing Manager
B.Sc,Corporate Law,5.37,2026,Strategic Customer Success Lead
B.A.,Data Analytics,6.17,2027,Operations Asst (Proje)
BBA,Digital Marketing,7.91,2026,Digital Marketing Manager
B.Tech,Project Management,9.34,2024,Strategic Project Management Lead
B.Voc,Artificial Intelligence,8.13,2025,Artificial Intelligence Specialist
B.Tech,Blockchain,7.02,2025,Operations Asst (Opera)
MBA,UI/UX Design,8.78,2024,Strategic UI/UX Design Lead
M.E.,Project Management,7.9,2024,Data Science Specialist
B.Tech,Embedded Systems,9.0,2027,Junior Machine Learning Engineer
B.Sc,DevOps,9.66,2024,Junior Blockchain Engineer
Diploma,Supply Chain,6.01,2026,Strategic Project Management Lead
M.E.,Corporate Law,6.9,2026,Junior Corporate Law Associate
M.Sc,Accounting,6.39,2027,Junior Accounting Associate
B.Sc,Customer Success,6.75,2024,Junior IoT Systems Engineer
B.E.,Project Management,7.73,2024,Data Science Specialist
BCA,Accounting,6.85,2025,Junior Accounting Associate
B.Tech,DevOps,9.69,2027,Junior Blockchain Engineer
MBA,Full Stack Dev,6.81,2026,Junior Corporate Law Associate
B.E.,Machine Learning,8.92,2025,Tech Support Block
M.Tech,IoT Systems,7.9,2027,Junior Finance Associate
B.Tech,Software Testing,8.53,2026,Senior Software Testing Architect
B.A.,Operations,7.71,2025,Strategic Business Analytics Lead
Diploma,Supply Chain,8.93,2025,Senior IoT Systems Architect
M.Tech,IoT Systems,8.11,2025,Junior Finance Associate
B.E.,Customer Success,6.76,2024,Junior IoT Systems Engineer
BBA,IoT Systems,8.12,2027,Junior Finance Associate
B.A.,Human Resources,9.86,2026,Strategic Human Resources Lead
M.E.,Human Resources,9.96,2026,Strategic Human Resources Lead
B.E.,DevOps,8.11,2025,DevOps Specialist
BCA,Operations,8.77,2026,Strategic Operations Lead
B.A.,Product Management,8.79,2027,Cyber Security Specialist
BBA,Finance,7.84,2027,Big Data Specialist
B.E.,UI/UX Design,7.06,2024,Operations Asst (Custo)
MCA,DevOps,6.86,2024,Digital Marketing Manager
B.E.,Product Management,8.32,2026,Product Management Manager
B.A.,Full Stack Dev,8.36,2024,Full Stack Dev Specialist
M.Sc,UI/UX Design,8.31,2027,Operations Asst (Custo)
B.Voc,Public Relations,5.42,2024,Digital Marketing Manager
BBA,Machine Learning,6.81,2025,Junior Machine Learning Engineer
M.E.,Product Management,8.71,2025,Cyber Security Specialist
B.E.,Accounting,9.85,2027,Junior Business Analytics Associate
BCA,Embedded Systems,6.98,2025,Business Analytics Manager
B.E.,Business Analytics,9.07,2026,Strategic Business Analytics Lead
B.Tech,Full Stack Dev,7.74,2027,Full Stack Dev Specialist
B.Sc,Mobile App Dev,5.89,2025,Tech Support Full 
M.Com,Accounting,6.14,2026,Junior Accounting Associate
B.Com,Software Testing,7.24,2024,Software Testing Specialist
BBA,Big Data,5.16,2025,Tech Support Data 
B.E.,Big Data,8.54,2025,Strategic Project Management Lead
B.E.,Mobile App Dev,6.36,2026,Artificial Intelligence Specialist
B.Tech,Corporate Law,6.16,2026,Junior Corporate Law Associate
B.Tech,Supply Chain,8.23,2026,Supply Chain Manager
M.E.,Data Science,7.44,2027,Data Science Specialist
B.A.,Blockchain,8.28,2027,Operations Asst (Opera)
M.Tech,Data Analytics,8.02,2026,Junior Human Resources Associate
B.A.,Sales,7.37,2026,Junior Big Data Engineer
MCA,Big Data,9.51,2026,Strategic Project Management Lead
BCA,Human Resources,7.67,2026,Senior Artificial Intelligence Architect
B.E.,Cyber Security,7.09,2027,Cyber Security Specialist
BBA,Customer Success,5.79,2026,Operations Asst (Custo)
BBA,Data Science,8.02,2025,Data Science Specialist
B.Tech,Finance,7.52,2027,Big Data Specialist
BBA,Blockchain,8.98,2025,Senior Blockchain Architect
MCA,DevOps,6.5,2026,Digital Marketing Manager
MCA,Supply Chain,6.84,2024,Strategic Project Management Lead
B.Voc,Full Stack Dev,7.91,2024,Full Stack Dev Specialist
B.A.,Big Data,6.22,2024,Junior Big Data Engineer
B.E.,Cyber Security,9.11,2025,Senior Cyber Security Architect
B.Sc,Machine Learning,8.09,2025,Content Strategy Manager
MCA,UI/UX Design,5.46,2024,Strategic Finance Lead
B.Tech,DevOps,7.64,2026,DevOps Specialist
B.Sc,Cyber Security,5.66,2025,Tech Support Cyber
B.Sc,Supply Chain,6.35,2026,Strategic Project Management Lead
BBA,Cyber Security,5.73,2027,Tech Support Cyber
BCA,Software Testing,7.72,2025,Software Testing Specialist
M.Sc,Mobile App Dev,8.99,2026,Operations Asst (Opera)
BBA,Human Resources,6.61,2025,Junior Human Resources Associate
MBA,IoT Systems,8.45,2026,Junior Finance Associate
M.Com,Cyber Security,7.2,2025,Cyber Security Specialist
M.Tech,DevOps,7.22,2027,DevOps Specialist
B.Voc,Content Strategy,9.47,2026,Senior Artificial Intelligence Architect
MCA,Supply Chain,5.12,2024,Junior Corporate Law Associate
MBA,Network Security,5.29,2024,Strategic UI/UX Design Lead
B.Tech,UI/UX Design,7.9,2024,Operations Asst (Custo)
Diploma,Cyber Security,6.54,2027,Junior Cyber Security Engineer
B.Com,Product Management,6.35,2027,Senior Data Science Architect
B.Tech,Supply Chain,7.3,2024,Supply Chain Manager
M.Sc,Blockchain,9.36,2024,Senior Blockchain Architect
MCA,Embedded Systems,6.94,2024,Business Analytics Manager
M.Sc,IoT Systems,8.53,2027,Senior IoT Systems Architect
B.Com,Finance,7.05,2024,Big Data Specialist
B.Voc,Cyber Security,6.24,2026,Junior Cyber Security Engineer
MCA,Business Analytics,6.06,2024,Junior Business Analytics Associate
B.Voc,Cyber Security,5.83,2024,Tech Support Cyber
B.A.,Accounting,5.34,2027,Mobile App Dev Specialist
B.Voc,IoT Systems,7.29,2027,Junior Finance Associate
B.Sc,Data Science,8.89,2026,Senior Data Science Architect
MBA,Public Relations,9.71,2024,Junior Blockchain Engineer
Diploma,Product Management,5.4,2024,Operations Asst (Produ)
B.Com,Cloud Computing,6.83,2024,Junior Finance Associate
M.Com,Digital Marketing,5.68,2024,Senior Cyber Security Architect
BBA,Artificial Intelligence,5.64,2026,Senior Data Science Architect
Diploma,Cloud Computing,9.9,2024,Strategic Human Resources Lead
MCA,Finance,8.19,2026,Big Data Specialist
B.Tech,Mobile App Dev,9.66,2024,Operations Asst (Opera)
M.Tech,Operations,5.51,2024,Operations Asst (Opera)
BBA,Human Resources,5.33,2027,Operations Asst (Human)
M.E.,UI/UX Design,5.99,2025,Strategic Finance Lead
B.Voc,Public Relations,5.68,2024,Digital Marketing Manager
BCA,Content Strategy,6.28,2027,Big Data Specialist
B.E.,Customer Success,5.77,2024,Operations Asst (Custo)
B.A.,Blockchain,7.11,2025,Operations Asst (Opera)
M.Sc,Embedded Systems,7.96,2027,Senior Software Testing Architect
B.Tech,Project Management,8.73,2024,Strategic Project Management Lead
M.Sc,DevOps,7.76,2026,DevOps Specialist
B.Sc,Machine Learning,5.87,2024,Junior Software Testing Engineer
BCA,Cloud Computing,6.81,2027,Junior Finance Associate
BCA,Full Stack Dev,9.21,2026,DevOps Specialist
Diploma,Public Relations,9.02,2024,Junior Blockchain Engineer
B.Sc,Machine Learning,6.55,2027,Junior Machine Learning Engineer
M.E.,Machine Learning,6.98,2026,Junior Machine Learning Engineer
BCA,Embedded Systems,8.28,2024,Senior Software Testing Architect
BCA,UI/UX Design,5.07,2026,Strategic Finance Lead
MBA,Full Stack Dev,6.55,2027,Junior Corporate Law Associate
B.Voc,Supply Chain,5.36,2026,Junior Corporate Law Associate
BCA,Network Security,9.87,2026,Tech Support Cyber
MCA,Human Resources,8.79,2026,Strategic Human Resources Lead
M.Tech,Network Security,5.94,2025,Strategic UI/UX Design Lead
M.E.,Software Testing,5.62,2025,Software Testing Specialist
MCA,Sales,6.51,2024,Artificial Intelligence Specialist
M.Com,Data Analytics,6.33,2025,Operations Asst (Proje)
BCA,UI/UX Design,7.57,2026,Operations Asst (Custo)
B.Tech,Cyber Security,7.6,2026,Cyber Security Specialist
M.Com,Data Science,7.06,2025,Data Science Specialist
M.Sc,DevOps,7.8,2024,DevOps Specialist
Diploma,IoT Systems,8.29,2025,Junior Finance Associate
MCA,Public Relations,6.34,2024,Supply Chain Manager
B.Tech,Project Management,8.3,2025,Data Science Specialist
BCA,Cloud Computing,9.59,2025,Strategic Human Resources Lead
BCA,DevOps,5.93,2024,Tech Support Full 
M.Com,Software Testing,5.26,2027,Software Testing Specialist
MCA,Customer Success,6.07,2027,Junior IoT Systems Engineer
B.Sc,Mobile App Dev,6.54,2026,Artificial Intelligence Specialist
B.Tech,Cyber Security,9.9,2027,Senior Cyber Security Architect
MBA,Blockchain,8.77,2026,Senior Blockchain Architect
M.E.,Mobile App Dev,6.24,2024,Artificial Intelligence Specialist
MBA,Business Analytics,7.31,2025,Business Analytics Manager
Diploma,Accounting,9.39,2027,Junior Business Analytics Associate
Diploma,Digital Marketing,7.41,2026,Digital Marketing Manager
B.Tech,DevOps,5.31,2024,Tech Support Full 
B.Voc,Accounting,6.28,2027,Junior Accounting Associate
M.Com,Artificial Intelligence,5.45,2024,Senior Data Science Architect
B.Tech,Human Resources,9.64,2024,Strategic Human Resources Lead
Diploma,Full Stack Dev,8.58,2024,DevOps Specialist
B.Voc,Accounting,9.74,2026,Junior Business Analytics Associate
M.Tech,Sales,8.66,2026,Junior Business Analytics Associate
M.E.,Supply Chain,9.92,2024,Senior IoT Systems Architect
MBA,Artificial Intelligence,9.62,2026,Senior Artificial Intelligence Architect
B.A.,Business Analytics,9.29,2025,Strategic Business Analytics Lead
B.E.,Data Science,9.65,2025,Senior Data Science Architect
B.A.,Data Science,9.22,2026,Senior Data Science Architect
MCA,Embedded Systems,5.96,2027,Tech Support Embed
B.Sc,Embedded Systems,9.51,2025,Junior Machine Learning Engineer
B.Com,Business Analytics,6.62,2026,Junior Business Analytics Associate
MBA,Finance,6.33,2025,Junior Finance Associate
B.A.,Cyber Security,9.84,2026,Senior Cyber Security Architect
M.Com,Human Resources,7.86,2025,Senior Artificial Intelligence Architect
B.Sc,Digital Marketing,5.17,2025,Senior Cyber Security Architect
B.Com,Project Management,8.86,2027,Strategic Project Management Lead
B.Com,Blockchain,6.8,2025,Junior Blockchain Engineer
B.Com,Sales,6.18,2027,Artificial Intelligence Specialist
M.Com,UI/UX Design,8.17,2026,Operations Asst (Custo)
B.Sc,DevOps,8.88,2024,Junior Blockchain Engineer
B.Voc,Accounting,7.5,2024,Product Management Manager
M.Com,Data Science,8.0,2027,Data Science Specialist
M.Sc,Data Science,8.58,2026,Senior Data Science Architect
M.Sc,Blockchain,5.64,2024,Tech Support Block
B.A.,Cloud Computing,8.37,2026,Strategic Finance Lead
Diploma,DevOps,6.61,2024,Digital Marketing Manager
M.Com,Project Management,5.32,2025,Operations Asst (Proje)
BBA,Cyber Security,7.78,2027,Cyber Security Specialist
B.Com,Embedded Systems,7.73,2026,Senior Software Testing Architect
MCA,Cyber Security,6.43,2027,Junior Cyber Security Engineer
B.Tech,Machine Learning,9.89,2026,Tech Support Block
MBA,Supply Chain,7.73,2024,Supply Chain Manager
MBA,Corporate Law,6.27,2025,Junior Corporate Law Associate
M.Sc,Blockchain,9.68,2027,Senior Blockchain Architect
BBA,Network Security,5.45,2026,Strategic UI/UX Design Lead
B.Sc,Customer Success,6.78,2026,Junior IoT Systems Engineer
B.Voc,Machine Learning,7.99,2027,Content Strategy Manager
B.Com,Cyber Security,7.85,2025,Cyber Security Specialist
B.A.,Network Security,6.45,2026,Junior Network Security Engineer
B.Sc,Software Testing,8.48,2026,Software Testing Specialist
M.Com,Public Relations,8.31,2024,Junior Network Security Engineer
BBA,Project Management,6.08,2027,Data Science Specialist
B.A.,DevOps,7.73,2025,DevOps Specialist
Diploma,Artificial Intelligence,9.65,2026,Senior Artificial Intelligence Architect
B.Voc,Software Testing,8.77,2027,Senior Software Testing Architect
Diploma,Human Resources,7.7,2026,Senior Artificial Intelligence Architect
Diploma,Customer Success,9.07,2024,Strategic Customer Success Lead
M.E.,Customer Success,7.42,2026,Strategic Operations Lead
M.E.,Big Data,6.81,2024,Junior Big Data Engineer
MBA,Sales,9.85,2024,Junior Business Analytics Associate
M.E.,Business Analytics,9.86,2024,Strategic Business Analytics Lead
B.Tech,Corporate Law,8.63,2024,Tech Support Embed
BBA,Embedded Systems,5.56,2027,Tech Support Embed
M.Com,Network Security,9.05,2026,Tech Support Cyber
MCA,Operations,9.86,2026,Strategic Operations Lead
M.Sc,Mobile App Dev,9.58,2027,Operations Asst (Opera)
M.Com,Sales,8.85,2024,Junior Business Analytics Associate
B.A.,Cloud Computing,6.82,2026,Junior Finance Associate
BBA,Corporate Law,7.48,2025,Full Stack Dev Specialist
M.Tech,Embedded Systems,5.02,2026,Tech Support Embed
BBA,Big Data,5.16,2025,Tech Support Data 
M.Com,DevOps,6.53,2025,Digital Marketing Manager
MCA,Sales,6.69,2026,Artificial Intelligence Specialist
MCA,Blockchain,9.52,2026,Senior Blockchain Architect
M.Tech,Operations,5.13,2024,Operations Asst (Opera)
MCA,DevOps,6.77,2025,Digital Marketing Manager
B.Tech,Sales,6.06,2024,Artificial Intelligence Specialist
BCA,Full Stack Dev,7.7,2025,Full Stack Dev Specialist
M.Sc,Data Analytics,8.14,2025,Junior Human Resources Associate
B.Com,Sales,9.83,2027,Junior Business Analytics Associate
MCA,Big Data,6.18,2025,Junior Big Data Engineer
M.Sc,Customer Success,9.42,2026,Strategic Customer Success Lead
Diploma,Big Data,9.46,2025,Strategic Project Management Lead
M.Sc,Cyber Security,9.32,2026,Senior Cyber Security Architect
M.Com,Embedded Systems,8.34,2026,Senior Software Testing Architect
B.Com,Content Strategy,6.4,2026,Big Data Specialist
BCA,Mobile App Dev,9.71,2024,Operations Asst (Opera)
M.Sc,Project Management,9.28,2024,Strategic Project Management Lead
BCA,Accounting,9.55,2026,Junior Business Analytics Associate
M.Com,Content Strategy,9.95,2024,Senior Artificial Intelligence Architect
B.Sc,Machine Learning,9.68,2025,Tech Support Block
B.A.,Human Resources,5.06,2027,Operations Asst (Human)
B.E.,Cyber Security,5.91,2024,Tech Support Cyber
Diploma,Customer Success,9.68,2026,Strategic Customer Success Lead
B.Com,Full Stack Dev,8.98,2026,DevOps Specialist
MBA,Digital Marketing,7.89,2026,Digital Marketing Manager
B.Voc,DevOps,5.99,2025,Tech Support Full 
M.Com,Artificial Intelligence,6.26,2025,Operations Asst (Human)
M.Com,Artificial Intelligence,8.83,2025,Senior Artificial Intelligence Architect
MBA,Digital Marketing,5.93,2025,Senior Cyber Security Architect
MCA,Data Science,7.41,2026,Data Science Specialist
B.Voc,Supply Chain,6.28,2024,Strategic Project Management Lead
MBA,Operations,5.29,2024,Operations Asst (Opera)
Diploma,Operations,7.77,2026,Strategic Business Analytics Lead
BCA,Accounting,5.9,2025,Mobile App Dev Specialist
MCA,Machine Learning,9.65,2026,Tech Support Block
BBA,Full Stack Dev,6.25,2026,Junior Corporate Law Associate
B.A.,Sales,5.78,2025,Junior Cyber Security Engineer
M.E.,Big Data,7.37,2024,Big Data Specialist
M.E.,Big Data,6.69,2027,Junior Big Data Engineer
B.A.,Data Analytics,7.6,2025,Junior Human Resources Associate
M.E.,Software Testing,6.89,2026,Junior Software Testing Engineer
B.Voc,Project Management,5.11,2024,Operations Asst (Proje)
MBA,UI/UX Design,8.84,2025,Strategic UI/UX Design Lead
B.Tech,Embedded Systems,5.56,2025,Tech Support Embed
B.Sc,Content Strategy,9.04,2025,Senior Artificial Intelligence Architect
B.Voc,Data Analytics,5.74,2026,Tech Support Data 
B.E.,Digital Marketing,9.59,2027,Strategic Digital Marketing Lead
B.E.,Full Stack Dev,7.96,2026,Full Stack Dev Specialist
M.Tech,Customer Success,7.82,2025,Strategic Operations Lead
M.E.,Project Management,5.68,2024,Operations Asst (Proje)
M.Tech,Mobile App Dev,8.14,2026,Mobile App Dev Specialist
B.Voc,Full Stack Dev,9.55,2027,DevOps Specialist
B.Com,Data Analytics,7.03,2027,Junior Human Resources Associate
B.A.,Digital Marketing,8.99,2024,Strategic Digital Marketing Lead
BBA,Mobile App Dev,6.67,2025,Artificial Intelligence Specialist
B.Voc,Finance,7.52,2026,Big Data Specialist
M.Com,Embedded Systems,6.12,2027,Business Analytics Manager
B.Com,Full Stack Dev,9.52,2024,DevOps Specialist
M.Sc,Public Relations,9.27,2025,Junior Blockchain Engineer
M.E.,Mobile App Dev,5.26,2027,Tech Support Full 
BBA,Supply Chain,7.66,2025,Supply Chain Manager
B.A.,Cyber Security,7.76,2025,Cyber Security Specialist
BBA,Machine Learning,8.48,2027,Content Strategy Manager
M.Com,Blockchain,6.57,2024,Junior Blockchain Engineer
B.Com,Product Management,6.7,2025,Senior Data Science Architect
BBA,Project Management,5.85,2024,Operations Asst (Proje)
Diploma,Human Resources,8.0,2025,Senior Artificial Intelligence Architect
BCA,DevOps,9.22,2026,Junior Blockchain Engineer
B.E.,Machine Learning,5.48,2026,Junior Software Testing Engineer
M.Tech,Accounting,8.23,2026,Product Management Manager
B.Voc,Data Analytics,8.36,2024,Junior Human Resources Associate
Diploma,Business Analytics,6.97,2026,Junior Business Analytics Associate
BCA,Machine Learning,8.83,2025,Tech Support Block
MBA,Finance,5.38,2027,Operations Asst (Proje)
MBA,Product Management,5.57,2026,Operations Asst (Produ)
BCA,Digital Marketing,5.26,2024,Senior Cyber Security Architect
MCA,Mobile App Dev,7.9,2025,Mobile App Dev Specialist
MCA,IoT Systems,9.69,2027,Senior IoT Systems Architect
B.Com,Machine Learning,6.49,2026,Junior Machine Learning Engineer
Diploma,UI/UX Design,7.48,2024,Operations Asst (Custo)
M.Com,Accounting,7.35,2024,Product Management Manager
Diploma,Embedded Systems,7.56,2025,Senior Software Testing Architect
B.Com,Data Analytics,9.31,2025,Cyber Security Specialist
M.Tech,Digital Marketing,9.42,2027,Strategic Digital Marketing Lead
M.Sc,Artificial Intelligence,7.48,2027,Artificial Intelligence Specialist
M.Com,Public Relations,6.45,2027,Supply Chain Manager
M.E.,Content Strategy,7.98,2026,Content Strategy Manager
Diploma,Cyber Security,5.39,2024,Tech Support Cyber
B.Voc,Cyber Security,7.88,2024,Cyber Security Specialist
M.Com,Project Management,9.3,2026,Strategic Project Management Lead
MBA,UI/UX Design,9.17,2027,Strategic UI/UX Design Lead
B.Tech,Digital Marketing,7.61,2026,Digital Marketing Manager
M.Tech,Big Data,8.26,2025,Big Data Specialist
Diploma,Cloud Computing,9.55,2026,Strategic Human Resources Lead
M.E.,Human Resources,7.89,2024,Senior Artificial Intelligence Architect
B.A.,Big Data,6.71,2026,Junior Big Data Engineer
B.E.,IoT Systems,7.51,2025,Junior Finance Associate
M.E.,Network Security,5.26,2026,Strategic UI/UX Design Lead
BCA,Accounting,7.51,2024,Product Management Manager
M.Tech,Digital Marketing,9.45,2024,Strategic Digital Marketing Lead
B.E.,Human Resources,9.01,2025,Strategic Human Resources Lead
BCA,Software Testing,8.23,2025,Software Testing Specialist
B.Tech,Project Management,7.22,2027,Data Science Specialist
M.Com,Data Analytics,6.66,2027,Operations Asst (Proje)
B.A.,Sales,7.42,2027,Junior Big Data Engineer
BCA,Cyber Security,8.58,2026,Senior Cyber Security Architect
M.Sc,Content Strategy,8.19,2024,Content Strategy Manager
B.Voc,Network Security,5.4,2024,Strategic UI/UX Design Lead
B.E.,Product Management,7.91,2024,Product Management Manager
M.Tech,Public Relations,7.81,2024,Junior Network Security Engineer
Diploma,Public Relations,7.36,2024,Junior Network Security Engineer
M.Tech,Full Stack Dev,9.05,2024,DevOps Specialist
B.Tech,Business Analytics,6.43,2026,Junior Business Analytics Associate
B.Sc,Artificial Intelligence,9.9,2025,Senior Artificial Intelligence Architect
Diploma,Full Stack Dev,5.64,2025,Tech Support Full 
MBA,Accounting,9.89,2026,Junior Business Analytics Associate
BBA,Software Testing,8.69,2025,Senior Software Testing Architect
BCA,Cloud Computing,9.56,2027,Strategic Human Resources Lead
B.E.,Cloud Computing,6.96,2024,Junior Finance Associate
M.Sc,Big Data,8.33,2027,Big Data Specialist
MBA,Cloud Computing,9.9,2026,Strategic Human Resources Lead
Diploma,Product Management,8.09,2025,Product Management Manager
M.Sc,Software Testing,5.06,2026,Software Testing Specialist
M.Tech,Cyber Security,7.1,2027,Cyber Security Specialist
B.Tech,DevOps,7.99,2027,DevOps Specialist
M.Com,Accounting,9.18,2026,Junior Business Analytics Associate
BCA,Network Security,7.21,2024,Junior UI/UX Design Associate
M.Tech,Finance,8.65,2024,Strategic Finance Lead
M.E.,Embedded Systems,5.74,2025,Tech Support Embed
M.E.,Accounting,6.25,2024,Junior Accounting Associate
B.Com,DevOps,5.28,2025,Tech Support Full 
Diploma,Sales,5.33,2027,Junior Cyber Security Engineer
B.Voc,Public Relations,6.18,2027,Supply Chain Manager
B.Sc,Product Management,8.98,2025,Cyber Security Specialist
M.Sc,Accounting,9.83,2024,Junior Business Analytics Associate
BBA,Cloud Computing,5.29,2026,Junior Accounting Associate
B.E.,Public Relations,6.79,2024,Supply Chain Manager
M.Tech,DevOps,9.78,2026,Junior Blockchain Engineer
M.Sc,IoT Systems,6.85,2026,Junior IoT Systems Engineer
MCA,Data Analytics,9.8,2027,Cyber Security Specialist
MCA,Accounting,6.67,2024,Junior Accounting Associate
M.Sc,Full Stack Dev,7.94,2027,Full Stack Dev Specialist
B.Sc,Machine Learning,6.88,2025,Junior Machine Learning Engineer
M.Tech,Data Science,6.45,2026,Operations Asst (Custo)
BCA,Network Security,8.11,2027,Junior UI/UX Design Associate
BCA,Blockchain,9.62,2025,Senior Blockchain Architect
B.E.,Cloud Computing,6.94,2026,Junior Finance Associate
Diploma,DevOps,9.75,2024,Junior Blockchain Engineer
M.E.,Operations,8.11,2026,Strategic Business Analytics Lead
BBA,Full Stack Dev,5.33,2024,Tech Support Full 
B.Voc,Digital Marketing,9.92,2024,Strategic Digital Marketing Lead
M.Com,Artificial Intelligence,8.5,2024,Senior Artificial Intelligence Architect
Diploma,Supply Chain,6.62,2025,Strategic Project Management Lead
B.Tech,Business Analytics,9.75,2027,Strategic Business Analytics Lead
M.Tech,Product Management,5.38,2027,Operations Asst (Produ)
M.Sc,Business Analytics,9.79,2024,Strategic Business Analytics Lead
B.Com,Finance,9.94,2026,Strategic Finance Lead
B.Sc,Full Stack Dev,9.94,2026,DevOps Specialist
M.Com,Mobile App Dev,9.28,2024,Operations Asst (Opera)
Diploma,Cloud Computing,7.4,2026,Strategic Finance Lead
MBA,Operations,6.37,2027,Senior Blockchain Architect
B.Tech,Data Analytics,6.96,2027,Operations Asst (Proje)
BBA,Human Resources,5.62,2026,Operations Asst (Human)
B.Tech,Business Analytics,6.49,2024,Junior Business Analytics Associate
B.Tech,Full Stack Dev,8.61,2025,DevOps Specialist
MBA,UI/UX Design,5.72,2025,Strategic Finance Lead
MBA,Software Testing,7.3,2025,Software Testing Specialist
M.Com,Machine Learning,5.37,2027,Junior Software Testing Engineer
M.Tech,Corporate Law,5.53,2026,Strategic Customer Success Lead
MBA,Network Security,6.59,2025,Junior Network Security Engineer
BBA,Project Management,9.3,2024,Strategic Project Management Lead
BCA,Data Science,7.31,2025,Data Science Specialist
M.Com,Embedded Systems,6.85,2025,Business Analytics Manager
BBA,Supply Chain,6.3,2024,Strategic Project Management Lead
M.Tech,IoT Systems,5.2,2024,Strategic Digital Marketing Lead
B.Tech,Data Science,5.97,2025,Tech Support Data 
B.Sc,Cyber Security,8.66,2026,Senior Cyber Security Architect
M.Com,Data Science,5.82,2026,Tech Support Data 
B.Sc,Artificial Intelligence,8.57,2025,Senior Artificial Intelligence Architect
B.A.,Artificial Intelligence,7.68,2024,Artificial Intelligence Specialist
MCA,Customer Success,5.95,2024,Operations Asst (Custo)
M.Tech,Big Data,8.81,2024,Strategic Project Management Lead
M.Sc,Product Management,9.8,2025,Cyber Security Specialist
B.Com,Project Management,7.19,2027,Data Science Specialist
B.Voc,Data Analytics,5.02,2024,Tech Support Data 
BBA,UI/UX Design,5.16,2027,Strategic Finance Lead
B.Voc,Data Science,5.91,2027,Tech Support Data 
B.E.,Machine Learning,8.56,2025,Tech Support Block
B.Com,UI/UX Design,6.27,2024,Junior UI/UX Design Associate
MCA,Supply Chain,7.13,2027,Supply Chain Manager
B.A.,Machine Learning,9.25,2024,Tech Support Block
B.Com,Product Management,9.59,2027,Cyber Security Specialist
BCA,Data Science,9.63,2026,Senior Data Science Architect
BCA,Operations,7.69,2025,Strategic Business Analytics Lead
MBA,Network Security,7.37,2024,Junior UI/UX Design Associate
BBA,Finance,7.62,2026,Big Data Specialist
MCA,Business Analytics,8.76,2027,Strategic Business Analytics Lead
BBA,Digital Marketing,5.09,2027,Senior Cyber Security Architect
M.Tech,Software Testing,9.32,2027,Senior Software Testing Architect
M.E.,Corporate Law,5.7,2026,Strategic Customer Success Lead
M.Sc,Corporate Law,6.42,2026,Junior Corporate Law Associate
B.Com,Business Analytics,6.71,2024,Junior Business Analytics Associate
M.Tech,UI/UX Design,9.97,2026,Strategic UI/UX Design Lead
B.Tech,Blockchain,7.54,2027,Operations Asst (Opera)
M.Sc,Data Science,7.94,2025,Data Science Specialist
M.Com,Blockchain,8.89,2026,Senior Blockchain Architect
B.Tech,Business Analytics,9.68,2024,Strategic Business Analytics Lead
B.Tech,Digital Marketing,9.91,2027,Strategic Digital Marketing Lead
B.E.,Project Management,6.73,2025,Data Science Specialist
BCA,Finance,8.89,2026,Strategic Finance Lead
B.Sc,Business Analytics,7.18,2025,Business Analytics Manager
M.Sc,Digital Marketing,6.94,2026,Operations Asst (Produ)
B.E.,Artificial Intelligence,8.08,2025,Artificial Intelligence Specialist
M.Tech,Public Relations,6.46,2026,Supply Chain Manager
BCA,Business Analytics,5.73,2026,Strategic Human Resources Lead
M.Com,Content Strategy,6.68,2025,Big Data Specialist
M.Sc,Embedded Systems,7.01,2025,Senior Software Testing Architect
Diploma,Cloud Computing,8.35,2025,Strategic Finance Lead
BCA,DevOps,7.12,2024,DevOps Specialist
B.Tech,Big Data,8.85,2025,Strategic Project Management Lead
B.Voc,Cloud Computing,7.55,2027,Strategic Finance Lead
B.Sc,IoT Systems,7.58,2026,Junior Finance Associate
BBA,Human Resources,8.69,2027,Strategic Human Resources Lead
MCA,Big Data,7.91,2026,Big Data Specialist
M.Com,Data Analytics,7.8,2024,Junior Human Resources Associate
M.Sc,Project Management,9.34,2024,Strategic Project Management Lead
B.Com,Sales,7.18,2025,Junior Big Data Engineer
BCA,Embedded Systems,7.54,2024,Senior Software Testing Architect
M.E.,Sales,9.49,2027,Junior Business Analytics Associate
B.Com,Sales,8.26,2025,Junior Big Data Engineer
M.Tech,Big Data,9.61,2026,Strategic Project Management Lead
B.A.,Mobile App Dev,7.94,2025,Mobile App Dev Specialist
Diploma,Cloud Computing,6.99,2024,Junior Finance Associate
B.A.,Machine Learning,8.15,2026,Content Strategy Manager
B.Sc,Public Relations,5.38,2026,Digital Marketing Manager
B.E.,Network Security,7.3,2025,Junior UI/UX Design Associate
BCA,UI/UX Design,5.98,2027,Strategic Finance Lead
BBA,UI/UX Design,5.06,2026,Strategic Finance Lead
M.Com,Embedded Systems,6.8,2027,Business Analytics Manager
B.Voc,Accounting,6.83,2025,Junior Accounting Associate
B.A.,Supply Chain,9.05,2024,Senior IoT Systems Architect
B.Voc,Data Science,6.38,2024,Operations Asst (Custo)
M.Tech,Corporate Law,9.78,2025,Tech Support Embed
MCA,Product Management,6.73,2024,Senior Data Science Architect
B.A.,Network Security,8.49,2024,Junior UI/UX Design Associate
MBA,Data Science,6.77,2027,Operations Asst (Custo)
MBA,Sales,5.62,2026,Junior Cyber Security Engineer
MCA,Data Science,9.17,2027,Senior Data Science Architect
Diploma,Business Analytics,8.43,2025,Business Analytics Manager
B.Sc,Finance,7.23,2025,Big Data Specialist
BCA,Accounting,9.57,2026,Junior Business Analytics Associate
BBA,Software Testing,9.25,2026,Senior Software Testing Architect
MBA,Artificial Intelligence,9.51,2025,Senior Artificial Intelligence Architect
B.Com,Customer Success,5.78,2027,Operations Asst (Custo)
B.Sc,Big Data,7.23,2027,Big Data Specialist
B.Voc,UI/UX Design,5.01,2027,Strategic Finance Lead
M.E.,Sales,6.36,2025,Artificial Intelligence Specialist
BBA,Supply Chain,6.14,2027,Strategic Project Management Lead
B.Tech,Customer Success,9.9,2025,Strategic Customer Success Lead
B.Voc,Data Science,5.05,2027,Tech Support Data 
Diploma,Product Management,5.59,2025,Operations Asst (Produ)
M.Sc,Operations,5.81,2027,Operations Asst (Opera)
BCA,Customer Success,9.19,2027,Strategic Customer Success Lead
M.Com,IoT Systems,7.59,2025,Junior Finance Associate
B.Tech,Supply Chain,5.09,2027,Junior Corporate Law Associate
MBA,Public Relations,8.3,2025,Junior Network Security Engineer
BCA,Sales,9.85,2024,Junior Business Analytics Associate
M.Com,Full Stack Dev,9.05,2025,DevOps Specialist
MBA,UI/UX Design,9.58,2025,Strategic UI/UX Design Lead
B.Com,Product Management,5.5,2026,Operations Asst (Produ)
Diploma,Sales,7.46,2025,Junior Big Data Engineer
B.E.,Public Relations,7.83,2024,Junior Network Security Engineer
BBA,Accounting,6.39,2025,Junior Accounting Associate
Diploma,Customer Success,8.35,2024,Strategic Operations Lead
B.A.,Cyber Security,5.63,2024,Tech Support Cyber
Diploma,Supply Chain,6.94,2027,Strategic Project Management Lead
M.Tech,Human Resources,6.03,2027,Junior Human Resources Associate
M.Sc,Blockchain,9.03,2025,Senior Blockchain Architect
M.Sc,Cloud Computing,5.54,2026,Junior Accounting Associate
M.Tech,Data Science,6.44,2026,Operations Asst (Custo)
MBA,Supply Chain,8.79,2027,Senior IoT Systems Architect
M.Com,Big Data,9.65,2025,Strategic Project Management Lead
MCA,Finance,6.59,2026,Junior Finance Associate
M.Tech,Sales,9.22,2027,Junior Business Analytics Associate
B.Com,Data Science,5.2,2025,Tech Support Data 
B.Com,Artificial Intelligence,7.19,2026,Artificial Intelligence Specialist
B.Voc,Accounting,5.54,2024,Mobile App Dev Specialist
B.Com,Machine Learning,8.0,2027,Content Strategy Manager
MBA,Supply Chain,7.74,2026,Supply Chain Manager
B.Voc,Sales,9.98,2026,Junior Business Analytics Associate
M.Tech,Cloud Computing,8.6,2024,Strategic Human Resources Lead
M.E.,Product Management,8.94,2024,Cyber Security Specialist
B.Com,Human Resources,8.47,2026,Senior Artificial Intelligence Architect
B.Voc,Business Analytics,5.63,2025,Strategic Human Resources Lead
B.Tech,Artificial Intelligence,6.7,2025,Operations Asst (Human)
M.Sc,Product Management,8.81,2027,Cyber Security Specialist
M.E.,Digital Marketing,7.99,2026,Digital Marketing Manager
B.Voc,Accounting,7.2,2024,Product Management Manager
B.Voc,Business Analytics,6.93,2025,Junior Business Analytics Associate
MCA,Sales,5.69,2024,Junior Cyber Security Engineer
M.Tech,Full Stack Dev,6.92,2025,Junior Corporate Law Associate
M.Com,UI/UX Design,6.63,2027,Junior UI/UX Design Associate
MBA,Product Management,5.1,2024,Operations Asst (Produ)
B.Com,Embedded Systems,8.22,2027,Senior Software Testing Architect
M.Sc,Business Analytics,5.51,2026,Strategic Human Resources Lead
MBA,Cloud Computing,5.37,2027,Junior Accounting Associate
Diploma,Finance,9.97,2025,Strategic Finance Lead
B.Sc,UI/UX Design,8.14,2027,Operations Asst (Custo)
BCA,Cyber Security,6.0,2027,Junior Cyber Security Engineer
B.A.,Supply Chain,6.43,2026,Strategic Project Management Lead
BBA,UI/UX Design,6.26,2024,Junior UI/UX Design Associate
M.Sc,Supply Chain,5.28,2026,Junior Corporate Law Associate
B.Voc,UI/UX Design,6.53,2024,Junior UI/UX Design Associate
M.Tech,Corporate Law,7.32,2027,Full Stack Dev Specialist
M.Com,Cloud Computing,5.74,2025,Junior Accounting Associate
B.Sc,Business Analytics,7.49,2025,Business Analytics Manager
BBA,Human Resources,8.04,2027,Senior Artificial Intelligence Architect
B.A.,Public Relations,8.9,2027,Junior Blockchain Engineer
MBA,Supply Chain,9.75,2027,Senior IoT Systems Architect
B.Tech,Sales,9.83,2025,Junior Business Analytics Associate
M.E.,Project Management,8.74,2026,Strategic Project Management Lead
M.Com,Network Security,5.24,2025,Strategic UI/UX Design Lead
MBA,Artificial Intelligence,9.54,2027,Senior Artificial Intelligence Architect
M.E.,UI/UX Design,9.24,2024,Strategic UI/UX Design Lead
B.Voc,Blockchain,9.29,2026,Senior Blockchain Architect
B.Com,IoT Systems,6.78,2024,Junior IoT Systems Engineer
B.Sc,Cloud Computing,6.81,2027,Junior Finance Associate
Diploma,Machine Learning,8.79,2026,Tech Support Block
BCA,Business Analytics,7.08,2026,Business Analytics Manager
M.Com,Digital Marketing,7.82,2024,Digital Marketing Manager
B.Voc,Data Science,9.23,2026,Senior Data Science Architect
M.E.,Finance,7.49,2025,Big Data Specialist
B.Com,Machine Learning,6.02,2027,Junior Machine Learning Engineer
M.Com,Cyber Security,5.88,2027,Tech Support Cyber
M.Tech,Mobile App Dev,8.8,2025,Operations Asst (Opera)
MBA,Data Science,6.27,2027,Operations Asst (Custo)
M.Sc,Embedded Systems,5.26,2026,Tech Support Embed
M.Tech,Supply Chain,5.54,2024,Junior Corporate Law Associate
B.Tech,Software Testing,9.29,2027,Senior Software Testing Architect
M.Tech,DevOps,7.11,2025,DevOps Specialist
MBA,Customer Success,9.02,2026,Strategic Customer Success Lead
B.Com,Cyber Security,6.31,2025,Junior Cyber Security Engineer
B.Sc,Network Security,6.26,2027,Junior Network Security Engineer
Diploma,Data Analytics,8.71,2027,Cyber Security Specialist
M.Sc,Cloud Computing,7.74,2024,Strategic Finance Lead
B.Sc,Human Resources,7.57,2026,Senior Artificial Intelligence Architect
M.E.,Sales,6.99,2026,Artificial Intelligence Specialist
M.Sc,Mobile App Dev,6.81,2027,Artificial Intelligence Specialist
M.E.,Digital Marketing,8.59,2026,Strategic Digital Marketing Lead
M.Com,Operations,8.31,2025,Strategic Business Analytics Lead
MCA,Finance,7.52,2026,Big Data Specialist
M.E.,Product Management,8.13,2025,Product Management Manager
M.Sc,Supply Chain,9.16,2027,Senior IoT Systems Architect
MCA,Business Analytics,5.67,2024,Strategic Human Resources Lead
B.Sc,Operations,7.3,2024,Strategic Business Analytics Lead
B.Tech,Supply Chain,9.19,2024,Senior IoT Systems Architect
BCA,Blockchain,7.69,2024,Operations Asst (Opera)
BCA,Business Analytics,5.22,2027,Strategic Human Resources Lead
M.Sc,Sales,7.36,2026,Junior Big Data Engineer
B.A.,Data Science,7.73,2025,Data Science Specialist
B.Sc,Network Security,7.62,2025,Junior UI/UX Design Associate
B.E.,Full Stack Dev,8.03,2026,Full Stack Dev Specialist
M.Sc,Full Stack Dev,7.17,2026,Full Stack Dev Specialist
B.E.,Full Stack Dev,6.2,2024,Junior Corporate Law Associate
B.A.,Artificial Intelligence,5.36,2027,Senior Data Science Architect
M.Sc,Project Management,7.88,2027,Data Science Specialist
B.E.,Corporate Law,9.57,2025,Tech Support Embed
B.Voc,Product Management,5.82,2026,Operations Asst (Produ)
M.Sc,Digital Marketing,6.43,2025,Operations Asst (Produ)
MBA,Artificial Intelligence,7.48,2026,Artificial Intelligence Specialist
BCA,Blockchain,8.25,2027,Operations Asst (Opera)
B.A.,Sales,5.69,2026,Junior Cyber Security Engineer
M.Com,Public Relations,7.84,2026,Junior Network Security Engineer
B.Sc,Customer Success,5.55,2027,Operations Asst (Custo)
M.Tech,Sales,5.48,2024,Junior Cyber Security Engineer
B.Sc,Cyber Security,7.52,2027,Cyber Security Specialist
B.E.,IoT Systems,8.51,2026,Senior IoT Systems Architect
M.E.,Mobile App Dev,9.22,2025,Operations Asst (Opera)
MBA,Finance,5.64,2026,Operations Asst (Proje)
BBA,Data Science,5.45,2025,Tech Support Data 
B.E.,Mobile App Dev,9.7,2027,Operations Asst (Opera)
MBA,Cyber Security,6.86,2026,Junior Cyber Security Engineer
B.Sc,Corporate Law,5.99,2027,Strategic Customer Success Lead
B.Voc,Corporate Law,5.27,2024,Strategic Customer Success Lead
B.Com,Artificial Intelligence,5.39,2027,Senior Data Science Architect
Diploma,Sales,5.86,2025,Junior Cyber Security Engineer
B.A.,Sales,6.49,2025,Artificial Intelligence Specialist
MCA,Finance,8.9,2025,Strategic Finance Lead
B.Com,Customer Success,7.37,2027,Strategic Operations Lead
MBA,Cloud Computing,6.09,2024,Junior Finance Associate
B.Tech,Cyber Security,5.06,2026,Tech Support Cyber
Diploma,Network Security,6.63,2027,Junior Network Security Engineer
MBA,DevOps,6.01,2027,Digital Marketing Manager
M.Tech,Human Resources,7.15,2027,Senior Artificial Intelligence Architect
BBA,Network Security,6.96,2024,Junior Network Security Engineer
BCA,Sales,6.25,2027,Artificial Intelligence Specialist
MCA,Content Strategy,5.88,2025,Strategic Customer Success Lead
B.Tech,Big Data,9.46,2024,Strategic Project Management Lead
M.Com,Finance,5.71,2027,Operations Asst (Proje)
B.E.,Project Management,7.2,2025,Data Science Specialist
B.A.,Corporate Law,8.71,2027,Tech Support Embed
M.Com,Machine Learning,9.58,2024,Tech Support Block
Diploma,Cloud Computing,7.66,2025,Strategic Finance Lead
Diploma,Cloud Computing,5.56,2026,Junior Accounting Associate
MCA,Human Resources,9.83,2027,Strategic Human Resources Lead
B.Sc,Mobile App Dev,6.84,2025,Artificial Intelligence Specialist
B.Com,Mobile App Dev,5.39,2027,Tech Support Full 
BBA,Public Relations,7.34,2024,Junior Network Security Engineer
MBA,Finance,5.98,2027,Operations Asst (Proje)
M.Tech,Sales,8.28,2027,Junior Big Data Engineer
M.E.,Cyber Security,8.93,2027,Senior Cyber Security Architect
M.Tech,Data Science,8.52,2025,Senior Data Science Architect
B.Com,DevOps,8.13,2027,DevOps Specialist
MCA,Software Testing,7.26,2026,Software Testing Specialist
MCA,Content Strategy,9.92,2026,Senior Artificial Intelligence Architect
B.Sc,UI/UX Design,9.71,2026,Strategic UI/UX Design Lead
B.Voc,Network Security,9.35,2027,Tech Support Cyber
M.Com,Full Stack Dev,6.85,2025,Junior Corporate Law Associate
MCA,IoT Systems,6.83,2025,Junior IoT Systems Engineer
BCA,Human Resources,8.06,2025,Senior Artificial Intelligence Architect
B.E.,Project Management,9.65,2026,Strategic Project Management Lead
B.Sc,Embedded Systems,7.85,2026,Senior Software Testing Architect
MCA,Business Analytics,9.13,2025,Strategic Business Analytics Lead
MCA,Corporate Law,7.34,2026,Full Stack Dev Specialist
B.A.,Artificial Intelligence,9.96,2027,Senior Artificial Intelligence Architect
BCA,IoT Systems,6.12,2027,Junior IoT Systems Engineer
M.E.,Mobile App Dev,6.27,2027,Artificial Intelligence Specialist
Diploma,Product Management,8.31,2027,Product Management Manager
B.Com,Cloud Computing,8.55,2025,Strategic Human Resources Lead
BCA,Network Security,9.32,2025,Tech Support Cyber
B.Voc,Supply Chain,7.68,2025,Supply Chain Manager
M.E.,Data Analytics,9.2,2024,Cyber Security Specialist
MBA,Network Security,5.15,2024,Strategic UI/UX Design Lead
M.Tech,Big Data,5.1,2025,Tech Support Data 
MCA,Software Testing,6.84,2026,Junior Software Testing Engineer
B.A.,IoT Systems,7.8,2025,Junior Finance Associate
Diploma,Full Stack Dev,9.74,2026,DevOps Specialist
M.Com,Mobile App Dev,7.51,2026,Mobile App Dev Specialist
M.Com,Content Strategy,9.57,2027,Senior Artificial Intelligence Architect
M.E.,Full Stack Dev,8.69,2026,DevOps Specialist
B.Voc,Product Management,6.43,2025,Senior Data Science Architect
M.Com,Network Security,5.02,2024,Strategic UI/UX Design Lead
M.Tech,Cyber Security,7.19,2025,Cyber Security Specialist
B.Sc,Supply Chain,6.5,2024,Strategic Project Management Lead
B.Com,Embedded Systems,7.05,2026,Senior Software Testing Architect
B.Voc,Accounting,9.77,2025,Junior Business Analytics Associate
Diploma,Supply Chain,8.3,2026,Supply Chain Manager
M.E.,Mobile App Dev,6.55,2024,Artificial Intelligence Specialist
B.E.,Content Strategy,7.2,2024,Content Strategy Manager
B.Tech,Cyber Security,5.86,2024,Tech Support Cyber
M.Com,Big Data,5.24,2026,Tech Support Data 
M.E.,Finance,8.94,2025,Strategic Finance Lead
B.A.,Corporate Law,7.78,2026,Full Stack Dev Specialist
B.E.,Supply Chain,9.91,2027,Senior IoT Systems Architect
B.Tech,Software Testing,6.96,2026,Junior Software Testing Engineer
MBA,Sales,9.49,2026,Junior Business Analytics Associate
M.E.,Full Stack Dev,8.84,2024,DevOps Specialist
M.E.,Sales,9.93,2027,Junior Business Analytics Associate
M.E.,Project Management,5.07,2027,Operations Asst (Proje)
B.Tech,Embedded Systems,6.52,2026,Business Analytics Manager
MCA,Embedded Systems,7.66,2025,Senior Software Testing Architect
B.E.,Data Analytics,9.1,2027,Cyber Security Specialist
B.Voc,Network Security,7.86,2027,Junior UI/UX Design Associate
M.Sc,IoT Systems,9.92,2024,Senior IoT Systems Architect
BCA,Customer Success,7.49,2025,Strategic Operations Lead
B.Sc,Accounting,5.5,2025,Mobile App Dev Specialist
MCA,Business Analytics,9.15,2024,Strategic Business Analytics Lead
B.Com,Supply Chain,9.82,2025,Senior IoT Systems Architect
B.Sc,Finance,9.81,2027,Strategic Finance Lead
B.Com,Finance,6.85,2026,Junior Finance Associate
Diploma,Corporate Law,5.59,2024,Strategic Customer Success Lead
M.Tech,DevOps,9.2,2026,Junior Blockchain Engineer
Diploma,Embedded Systems,8.79,2026,Junior Machine Learning Engineer
B.A.,Blockchain,5.36,2024,Tech Support Block
B.E.,Supply Chain,7.72,2027,Supply Chain Manager
M.Tech,Cloud Computing,8.49,2024,Strategic Finance Lead
B.Sc,Network Security,5.72,2026,Strategic UI/UX Design Lead
Diploma,Cloud Computing,6.38,2025,Junior Finance Associate
B.A.,Customer Success,6.43,2025,Junior IoT Systems Engineer
B.Tech,Project Management,6.11,2027,Data Science Specialist
B.Tech,Big Data,8.79,2026,Strategic Project Management Lead
B.A.,Corporate Law,5.85,2026,Strategic Customer Success Lead
B.A.,Mobile App Dev,6.83,2026,Artificial Intelligence Specialist
M.E.,Digital Marketing,8.82,2024,Strategic Digital Marketing Lead
B.A.,Mobile App Dev,5.87,2026,Tech Support Full 
MBA,Data Science,8.65,2027,Senior Data Science Architect
B.Voc,Operations,9.56,2024,Strategic Operations Lead
B.Sc,Sales,6.05,2027,Artificial Intelligence Specialist
M.E.,Product Management,8.3,2027,Product Management Manager
B.A.,Finance,7.83,2024,Big Data Specialist
B.Sc,Customer Success,8.75,2027,Strategic Customer Success Lead
M.E.,Cloud Computing,9.74,2025,Strategic Human Resources Lead
M.Tech,Full Stack Dev,9.24,2025,DevOps Specialist
MBA,Embedded Systems,7.05,2025,Senior Software Testing Architect
B.A.,Corporate Law,5.33,2024,Strategic Customer Success Lead
M.Tech,Machine Learning,7.85,2026,Content Strategy Manager
B.Tech,Big Data,7.24,2027,Big Data Specialist
MCA,UI/UX Design,8.02,2026,Operations Asst (Custo)
MBA,Mobile App Dev,7.93,2026,Mobile App Dev Specialist
B.Com,Cloud Computing,8.54,2026,Strategic Human Resources Lead
M.E.,Customer Success,9.16,2024,Strategic Customer Success Lead
B.A.,Public Relations,9.37,2024,Junior Blockchain Engineer
B.E.,Machine Learning,6.16,2024,Junior Machine Learning Engineer
B.Voc,Data Analytics,5.47,2026,Tech Support Data 
MBA,Human Resources,7.46,2024,Senior Artificial Intelligence Architect
M.Tech,Network Security,7.48,2024,Junior UI/UX Design Associate
MCA,Software Testing,8.61,2024,Senior Software Testing Architect
B.Com,Corporate Law,6.73,2027,Junior Corporate Law Associate
B.Voc,Artificial Intelligence,6.94,2025,Operations Asst (Human)
B.Voc,Software Testing,9.03,2027,Senior Software Testing Architect
Diploma,Content Strategy,7.37,2026,Content Strategy Manager
M.Com,Full Stack Dev,8.49,2027,Full Stack Dev Specialist
B.Voc,Business Analytics,9.49,2024,Strategic Business Analytics Lead
B.Com,Content Strategy,7.6,2027,Content Strategy Manager
M.E.,Artificial Intelligence,8.94,2026,Senior Artificial Intelligence Architect
BBA,Project Management,5.15,2024,Operations Asst (Proje)
M.E.,Blockchain,8.09,2027,Operations Asst (Opera)
BBA,Sales,6.42,2025,Artificial Intelligence Specialist
MBA,Network Security,8.09,2025,Junior UI/UX Design Associate
MCA,Customer Success,9.6,2027,Strategic Customer Success Lead
B.A.,Artificial Intelligence,5.63,2025,Senior Data Science Architect
B.Voc,Corporate Law,6.01,2024,Junior Corporate Law Associate
B.E.,Project Management,9.51,2027,Strategic Project Management Lead
B.A.,Machine Learning,7.84,2025,Content Strategy Manager
B.Tech,Product Management,5.89,2025,Operations Asst (Produ)
Diploma,Data Analytics,8.84,2025,Cyber Security Specialist
B.Voc,Accounting,5.37,2024,Mobile App Dev Specialist
M.Com,IoT Systems,9.54,2025,Senior IoT Systems Architect
M.E.,Data Analytics,9.29,2026,Cyber Security Specialist
MCA,Full Stack Dev,6.68,2026,Junior Corporate Law Associate
MCA,Human Resources,6.73,2025,Junior Human Resources Associate
MCA,Supply Chain,8.97,2025,Senior IoT Systems Architect
M.E.,Human Resources,5.65,2024,Operations Asst (Human)
M.Com,DevOps,5.24,2026,Tech Support Full 
M.E.,UI/UX Design,9.69,2027,Strategic UI/UX Design Lead
B.Com,Digital Marketing,9.34,2025,Strategic Digital Marketing Lead
BBA,Embedded Systems,5.92,2025,Tech Support Embed
MCA,Full Stack Dev,9.07,2027,DevOps Specialist
B.Tech,Human Resources,8.79,2026,Strategic Human Resources Lead
M.Sc,Finance,9.01,2024,Strategic Finance Lead
M.E.,Human Resources,7.68,2024,Senior Artificial Intelligence Architect
Diploma,Mobile App Dev,7.32,2024,Mobile App Dev Specialist
B.Tech,Project Management,6.31,2027,Data Science Specialist
M.Com,Mobile App Dev,9.21,2027,Operations Asst (Opera)
MCA,Operations,8.03,2026,Strategic Business Analytics Lead
B.Sc,Full Stack Dev,5.0,2026,Tech Support Full 
B.Voc,IoT Systems,9.37,2026,Senior IoT Systems Architect
MCA,Machine Learning,7.6,2025,Content Strategy Manager
M.Sc,Blockchain,5.31,2024,Tech Support Block
BCA,Embedded Systems,9.76,2025,Junior Machine Learning Engineer
Diploma,Software Testing,5.67,2026,Software Testing Specialist
BBA,Blockchain,9.88,2026,Senior Blockchain Architect
BBA,Project Management,5.99,2026,Operations Asst (Proje)
B.Sc,Finance,6.71,2026,Junior Finance Associate
MBA,Sales,6.48,2026,Artificial Intelligence Specialist
BCA,Embedded Systems,5.37,2025,Tech Support Embed
M.E.,UI/UX Design,7.06,2026,Operations Asst (Custo)
B.Com,Sales,8.17,2024,Junior Big Data Engineer
MCA,Supply Chain,9.09,2025,Senior IoT Systems Architect
BBA,Project Management,5.17,2025,Operations Asst (Proje)
B.Com,UI/UX Design,7.8,2025,Operations Asst (Custo)
B.Sc,Human Resources,8.21,2025,Senior Artificial Intelligence Architect
B.Voc,Network Security,6.21,2025,Junior Network Security Engineer
MBA,Cloud Computing,5.87,2027,Junior Accounting Associate
M.Com,Sales,5.84,2026,Junior Cyber Security Engineer
BCA,Digital Marketing,8.18,2024,Digital Marketing Manager
M.Tech,UI/UX Design,8.36,2026,Operations Asst (Custo)
BCA,Sales,7.68,2026,Junior Big Data Engineer
B.Voc,Embedded Systems,5.41,2027,Tech Support Embed
BCA,Finance,9.45,2024,Strategic Finance Lead
B.Com,Digital Marketing,6.59,2024,Operations Asst (Produ)
BCA,Customer Success,5.82,2026,Operations Asst (Custo)
B.Tech,Finance,7.4,2024,Big Data Specialist
MBA,Blockchain,7.48,2026,Operations Asst (Opera)
MCA,Business Analytics,9.8,2026,Strategic Business Analytics Lead
B.Voc,Project Management,9.69,2025,Strategic Project Management Lead
MBA,Big Data,9.7,2024,Strategic Project Management Lead
B.Voc,Supply Chain,8.54,2026,Senior IoT Systems Architect
B.Com,Digital Marketing,9.41,2024,Strategic Digital Marketing Lead
B.Com,Data Analytics,7.24,2025,Junior Human Resources Associate
M.Sc,Content Strategy,6.83,2026,Big Data Specialist
B.Tech,Network Security,8.99,2026,Tech Support Cyber
B.A.,Blockchain,9.11,2024,Senior Blockchain Architect
MBA,Public Relations,8.1,2027,Junior Network Security Engineer
B.A.,Corporate Law,5.88,2025,Strategic Customer Success Lead
BCA,Full Stack Dev,5.16,2026,Tech Support Full 
M.Sc,Public Relations,9.78,2026,Junior Blockchain Engineer
BBA,Digital Marketing,7.5,2026,Digital Marketing Manager
B.A.,Data Analytics,7.46,2026,Junior Human Resources Associate
B.Tech,Mobile App Dev,9.94,2027,Operations Asst (Opera)
B.Com,Accounting,9.48,2024,Junior Business Analytics Associate
B.Voc,Business Analytics,8.61,2025,Strategic Business Analytics Lead
M.Tech,Big Data,9.39,2024,Strategic Project Management Lead
B.Sc,Business Analytics,5.79,2027,Strategic Human Resources Lead
MBA,Accounting,6.4,2025,Junior Accounting Associate
M.E.,DevOps,7.5,2027,DevOps Specialist
M.Sc,Software Testing,5.85,2025,Software Testing Specialist
MCA,Data Analytics,7.86,2026,Junior Human Resources Associate
BCA,IoT Systems,5.38,2024,Strategic Digital Marketing Lead
B.Voc,Finance,7.69,2027,Big Data Specialist
B.Voc,Supply Chain,7.58,2026,Supply Chain Manager
B.Sc,Business Analytics,6.8,2026,Junior Business Analytics Associate
BCA,Operations,7.95,2024,Strategic Business Analytics Lead
B.E.,Data Analytics,9.09,2025,Cyber Security Specialist
M.Com,Mobile App Dev,5.84,2027,Tech Support Full 
B.Voc,Content Strategy,7.11,2024,Content Strategy Manager
B.E.,Accounting,9.97,2027,Junior Business Analytics Associate
MBA,Human Resources,8.1,2027,Senior Artificial Intelligence Architect
BCA,Data Analytics,6.31,2025,Operations Asst (Proje)
BBA,Public Relations,5.99,2026,Digital Marketing Manager
B.E.,Big Data,7.11,2027,Big Data Specialist
M.Com,Blockchain,8.82,2026,Senior Blockchain Architect
B.Voc,Big Data,9.2,2024,Strategic Project Management Lead
BCA,Sales,7.14,2026,Junior Big Data Engineer
B.Sc,Blockchain,5.65,2027,Tech Support Block
M.Sc,Software Testing,8.19,2024,Software Testing Specialist
Diploma,Artificial Intelligence,5.53,2024,Senior Data Science Architect
M.Com,Digital Marketing,7.35,2024,Digital Marketing Manager
M.Com,Business Analytics,6.63,2026,Junior Business Analytics Associate
B.Tech,Network Security,8.42,2024,Junior UI/UX Design Associate
B.Sc,Cloud Computing,6.9,2027,Junior Finance Associate
B.E.,Full Stack Dev,6.96,2025,Junior Corporate Law Associate
B.A.,Content Strategy,7.0,2026,Content Strategy Manager
MCA,Sales,6.0,2024,Artificial Intelligence Specialist
Diploma,Cyber Security,6.29,2026,Junior Cyber Security Engineer
B.Voc,Cyber Security,7.06,2024,Cyber Security Specialist
M.E.,Project Management,9.77,2024,Strategic Project Management Lead
MBA,Corporate Law,8.56,2024,Tech Support Embed
MBA,Data Analytics,5.97,2026,Tech Support Data 
M.Com,Data Analytics,6.43,2024,Operations Asst (Proje)
BCA,Corporate Law,7.86,2025,Full Stack Dev Specialist
M.E.,Operations,6.96,2025,Senior Blockchain Architect
M.Sc,Big Data,8.8,2027,Strategic Project Management Lead
B.Voc,Public Relations,7.58,2024,Junior Network Security Engineer
B.Voc,Cyber Security,7.07,2026,Cyber Security Specialist
B.E.,Sales,8.3,2024,Junior Big Data Engineer
M.Com,Product Management,5.68,2025,Operations Asst (Produ)
M.Com,Network Security,9.28,2025,Tech Support Cyber
B.Voc,DevOps,6.76,2024,Digital Marketing Manager
B.A.,Digital Marketing,9.35,2024,Strategic Digital Marketing Lead
M.E.,Content Strategy,5.87,2026,Strategic Customer Success Lead
B.E.,Content Strategy,7.76,2024,Content Strategy Manager
Diploma,Corporate Law,5.16,2026,Strategic Customer Success Lead
B.E.,Business Analytics,8.87,2027,Strategic Business Analytics Lead
B.Tech,Big Data,5.9,2027,Tech Support Data 
M.Sc,Customer Success,5.33,2024,Operations Asst (Custo)
B.Com,Embedded Systems,5.62,2025,Tech Support Embed
B.Voc,DevOps,7.56,2026,DevOps Specialist
MBA,Human Resources,8.31,2024,Senior Artificial Intelligence Architect
B.Sc,Business Analytics,6.15,2026,Junior Business Analytics Associate
BBA,Business Analytics,9.13,2026,Strategic Business Analytics Lead
B.E.,Mobile App Dev,5.11,2027,Tech Support Full 
BCA,Public Relations,6.46,2024,Supply Chain Manager
MBA,Sales,5.81,2024,Junior Cyber Security Engineer
M.Com,Product Management,8.67,2026,Cyber Security Specialist
BBA,Operations,6.76,2026,Senior Blockchain Architect
B.Sc,Network Security,6.53,2024,Junior Network Security Engineer
B.Voc,Customer Success,7.78,2026,Strategic Operations Lead
B.Com,Business Analytics,9.06,2027,Strategic Business Analytics Lead
BCA,Big Data,8.62,2024,Strategic Project Management Lead
B.E.,Network Security,8.94,2027,Tech Support Cyber
B.Tech,Big Data,9.66,2025,Strategic Project Management Lead
M.E.,Project Management,5.69,2026,Operations Asst (Proje)
B.Voc,Data Analytics,9.41,2026,Cyber Security Specialist
MCA,Artificial Intelligence,8.53,2025,Senior Artificial Intelligence Architect
MCA,Blockchain,7.4,2027,Operations Asst (Opera)
B.Sc,Big Data,9.19,2026,Strategic Project Management Lead
M.Com,Data Analytics,5.76,2025,Tech Support Data 
MCA,Finance,8.11,2026,Big Data Specialist
M.Com,Public Relations,5.69,2025,Digital Marketing Manager
Diploma,Data Science,7.52,2026,Data Science Specialist
B.Voc,Data Analytics,7.17,2025,Junior Human Resources Associate
MCA,DevOps,9.43,2027,Junior Blockchain Engineer
B.E.,Product Management,6.94,2024,Senior Data Science Architect
B.Voc,Mobile App Dev,7.38,2026,Mobile App Dev Specialist
Diploma,Business Analytics,8.55,2027,Strategic Business Analytics Lead
B.Sc,Supply Chain,6.88,2027,Strategic Project Management Lead
M.Sc,Network Security,6.74,2027,Junior Network Security Engineer
B.Tech,Public Relations,6.46,2025,Supply Chain Manager
B.E.,Machine Learning,9.52,2026,Tech Support Block
B.E.,Customer Success,5.19,2024,Operations Asst (Custo)
B.Tech,Mobile App Dev,6.25,2024,Artificial Intelligence Specialist
B.Com,Network Security,9.05,2027,Tech Support Cyber
B.Com,Blockchain,9.37,2027,Senior Blockchain Architect
MCA,Cloud Computing,7.38,2026,Strategic Finance Lead
B.A.,Mobile App Dev,6.38,2025,Artificial Intelligence Specialist
B.Com,Sales,9.55,2025,Junior Business Analytics Associate
B.A.,Cyber Security,6.3,2027,Junior Cyber Security Engineer
B.A.,Digital Marketing,6.53,2024,Operations Asst (Produ)
B.Tech,Mobile App Dev,9.9,2025,Operations Asst (Opera)
Diploma,Software Testing,6.99,2027,Junior Software Testing Engineer
BCA,IoT Systems,8.47,2026,Junior Finance Associate
MBA,Product Management,8.98,2026,Cyber Security Specialist
M.E.,Big Data,7.88,2025,Big Data Specialist
B.E.,Supply Chain,9.12,2026,Senior IoT Systems Architect
Diploma,Blockchain,5.66,2026,Tech Support Block
B.Tech,Content Strategy,9.02,2025,Senior Artificial Intelligence Architect
B.A.,Product Management,7.64,2025,Product Management Manager
M.Tech,Blockchain,8.59,2024,Senior Blockchain Architect
B.E.,Corporate Law,9.2,2025,Tech Support Embed
MCA,Finance,7.47,2027,Big Data Specialist
MBA,Digital Marketing,6.28,2025,Operations Asst (Produ)
M.Sc,Data Science,9.85,2027,Senior Data Science Architect
B.E.,Software Testing,8.04,2026,Software Testing Specialist
M.Com,UI/UX Design,5.08,2027,Strategic Finance Lead
MBA,Business Analytics,9.02,2025,Strategic Business Analytics Lead
BCA,Data Analytics,7.97,2024,Junior Human Resources Associate
BBA,Product Management,6.97,2025,Senior Data Science Architect
B.A.,Blockchain,7.59,2026,Operations Asst (Opera)
B.Sc,DevOps,7.67,2026,DevOps Specialist
MBA,Product Management,9.14,2024,Cyber Security Specialist
Diploma,Accounting,9.21,2024,Junior Business Analytics Associate
M.Com,Cloud Computing,5.7,2026,Junior Accounting Associate
MCA,Full Stack Dev,9.78,2026,DevOps Specialist
B.Voc,Blockchain,8.38,2024,Operations Asst (Opera)
M.Sc,UI/UX Design,9.62,2025,Strategic UI/UX Design Lead
MBA,Operations,5.33,2024,Operations Asst (Opera)
B.Tech,Project Management,6.07,2027,Data Science Specialist
Diploma,Artificial Intelligence,6.08,2025,Operations Asst (Human)
B.Voc,Supply Chain,7.43,2025,Supply Chain Manager
Diploma,Project Management,8.1,2027,Data Science Specialist
MBA,Content Strategy,9.6,2025,Senior Artificial Intelligence Architect
MCA,Corporate Law,8.63,2025,Tech Support Embed
M.Tech,Big Data,9.85,2025,Strategic Project Management Lead
B.Sc,Blockchain,6.61,2025,Junior Blockchain Engineer
B.A.,Corporate Law,8.49,2026,Full Stack Dev Specialist
B.E.,Artificial Intelligence,5.25,2027,Senior Data Science Architect
BBA,Cloud Computing,9.14,2025,Strategic Human Resources Lead
B.Sc,Public Relations,7.74,2026,Junior Network Security Engineer
B.Com,Supply Chain,5.32,2024,Junior Corporate Law Associate
M.Tech,Operations,7.25,2025,Strategic Business Analytics Lead
M.Tech,Customer Success,8.71,2024,Strategic Customer Success Lead
MCA,Cyber Security,6.05,2024,Junior Cyber Security Engineer
B.A.,Finance,6.59,2024,Junior Finance Associate
MBA,Finance,7.74,2027,Big Data Specialist
BCA,IoT Systems,7.83,2026,Junior Finance Associate
B.Voc,Software Testing,5.5,2025,Software Testing Specialist
B.A.,Business Analytics,6.66,2024,Junior Business Analytics Associate
M.Tech,Software Testing,8.71,2025,Senior Software Testing Architect
Diploma,UI/UX Design,7.72,2026,Operations Asst (Custo)
B.Voc,Cyber Security,5.04,2027,Tech Support Cyber
M.Tech,Big Data,6.78,2025,Junior Big Data Engineer
MCA,Mobile App Dev,5.3,2027,Tech Support Full 
BBA,Blockchain,8.25,2024,Operations Asst (Opera)
B.Sc,Accounting,9.12,2027,Junior Business Analytics Associate
B.Tech,Cloud Computing,7.6,2025,Strategic Finance Lead
BCA,Project Management,9.28,2027,Strategic Project Management Lead
M.Sc,Sales,7.36,2025,Junior Big Data Engineer
BBA,Customer Success,6.75,2024,Junior IoT Systems Engineer
M.Tech,Full Stack Dev,9.17,2027,DevOps Specialist
MBA,Network Security,8.59,2026,Tech Support Cyber
B.Voc,Operations,7.02,2024,Strategic Business Analytics Lead
B.Com,Product Management,7.07,2025,Product Management Manager
B.Tech,Embedded Systems,9.04,2026,Junior Machine Learning Engineer
BCA,Blockchain,5.11,2025,Tech Support Block
BCA,Product Management,8.04,2027,Product Management Manager
M.Sc,Cyber Security,5.51,2027,Tech Support Cyber
BBA,Digital Marketing,7.4,2024,Digital Marketing Manager
B.Com,Finance,8.7,2026,Strategic Finance Lead
B.Tech,Network Security,6.24,2026,Junior Network Security Engineer
MBA,Sales,7.0,2026,Junior Big Data Engineer
M.Tech,Big Data,7.76,2027,Big Data Specialist
B.A.,Big Data,8.7,2026,Strategic Project Management Lead
BBA,Accounting,6.71,2026,Junior Accounting Associate
B.E.,Finance,9.74,2024,Strategic Finance Lead
B.Sc,Human Resources,9.2,2026,Strategic Human Resources Lead
BBA,Public Relations,5.07,2026,Digital Marketing Manager
M.E.,Data Analytics,5.19,2024,Tech Support Data 
Diploma,Full Stack Dev,7.03,2024,Full Stack Dev Specialist
MBA,Accounting,8.44,2025,Product Management Manager
B.E.,Product Management,8.81,2026,Cyber Security Specialist
MBA,Product Management,5.9,2026,Operations Asst (Produ)
B.Sc,DevOps,9.34,2027,Junior Blockchain Engineer
BCA,Network Security,5.68,2026,Strategic UI/UX Design Lead
M.Tech,Embedded Systems,7.35,2025,Senior Software Testing Architect
B.A.,Mobile App Dev,5.65,2024,Tech Support Full 
BCA,Mobile App Dev,6.57,2024,Artificial Intelligence Specialist
B.A.,Supply Chain,7.12,2024,Supply Chain Manager
B.A.,Content Strategy,5.05,2024,Strategic Customer Success Lead
M.Sc,Project Management,7.66,2025,Data Science Specialist
B.Tech,Operations,7.27,2027,Strategic Business Analytics Lead
B.A.,Software Testing,7.29,2026,Software Testing Specialist
M.Com,Mobile App Dev,9.26,2027,Operations Asst (Opera)
Diploma,Digital Marketing,6.97,2025,Operations Asst (Produ)
MCA,Cloud Computing,6.63,2027,Junior Finance Associate
BBA,Network Security,7.01,2024,Junior UI/UX Design Associate
B.A.,Digital Marketing,8.83,2024,Strategic Digital Marketing Lead
BCA,Business Analytics,9.86,2026,Strategic Business Analytics Lead
M.Tech,Public Relations,6.85,2027,Supply Chain Manager
B.E.,Human Resources,5.65,2025,Operations Asst (Human)
M.E.,Accounting,7.36,2026,Product Management Manager
M.Com,Finance,10.0,2024,Strategic Finance Lead
Diploma,Machine Learning,9.42,2026,Tech Support Block
B.Voc,Software Testing,5.33,2026,Software Testing Specialist
B.Voc,Content Strategy,8.29,2026,Content Strategy Manager
B.E.,Full Stack Dev,5.57,2024,Tech Support Full 
MCA,Digital Marketing,6.34,2027,Operations Asst (Produ)
B.A.,IoT Systems,8.73,2027,Senior IoT Systems Architect
B.Voc,Finance,5.75,2025,Operations Asst (Proje)
M.Tech,Project Management,7.04,2027,Data Science Specialist
M.E.,Digital Marketing,7.73,2025,Digital Marketing Manager
B.Sc,Network Security,9.57,2025,Tech Support Cyber
B.Voc,Human Resources,9.74,2026,Strategic Human Resources Lead
M.Tech,Corporate Law,8.06,2026,Full Stack Dev Specialist
M.Com,Accounting,5.77,2025,Mobile App Dev Specialist
B.Sc,Blockchain,9.86,2025,Senior Blockchain Architect
BCA,Corporate Law,9.49,2026,Tech Support Embed
Diploma,Machine Learning,8.47,2025,Content Strategy Manager
BBA,IoT Systems,9.65,2027,Senior IoT Systems Architect
B.Sc,Digital Marketing,8.39,2025,Digital Marketing Manager
Diploma,Cyber Security,6.61,2025,Junior Cyber Security Engineer
BCA,Public Relations,6.71,2024,Supply Chain Manager
B.Sc,Accounting,6.07,2025,Junior Accounting Associate
BBA,Product Management,8.78,2026,Cyber Security Specialist
MBA,Business Analytics,6.82,2025,Junior Business Analytics Associate
MBA,UI/UX Design,8.68,2026,Strategic UI/UX Design Lead
M.E.,Digital Marketing,7.48,2024,Digital Marketing Manager
BBA,Sales,7.01,2027,Junior Big Data Engineer
BCA,Operations,6.2,2026,Senior Blockchain Architect
MBA,Content Strategy,5.34,2027,Strategic Customer Success Lead
B.Tech,DevOps,5.86,2024,Tech Support Full 
BBA,Human Resources,7.68,2026,Senior Artificial Intelligence Architect
BBA,Data Analytics,6.12,2024,Operations Asst (Proje)
M.Tech,Customer Success,8.66,2025,Strategic Customer Success Lead
M.E.,Big Data,8.18,2024,Big Data Specialist
M.E.,Big Data,6.57,2024,Junior Big Data Engineer
B.E.,Human Resources,6.65,2024,Junior Human Resources Associate
B.Voc,Digital Marketing,9.57,2027,Strategic Digital Marketing Lead
BBA,Digital Marketing,7.21,2027,Digital Marketing Manager
MCA,Cyber Security,9.94,2027,Senior Cyber Security Architect
BBA,Finance,7.55,2027,Big Data Specialist
MCA,Blockchain,7.4,2026,Operations Asst (Opera)
M.Tech,Mobile App Dev,9.13,2026,Operations Asst (Opera)
Diploma,Content Strategy,7.28,2025,Content Strategy Manager
MCA,Blockchain,7.48,2025,Operations Asst (Opera)
M.Sc,Customer Success,9.83,2025,Strategic Customer Success Lead
B.Com,Finance,6.21,2024,Junior Finance Associate
B.Com,Cyber Security,6.11,2025,Junior Cyber Security Engineer
M.Com,Data Science,6.88,2024,Operations Asst (Custo)
B.Voc,DevOps,7.08,2027,DevOps Specialist
B.E.,Operations,6.75,2027,Senior Blockchain Architect
Diploma,Cloud Computing,8.42,2024,Strategic Finance Lead
BCA,Artificial Intelligence,7.97,2024,Artificial Intelligence Specialist
B.Voc,Public Relations,6.76,2025,Supply Chain Manager
M.Sc,Software Testing,9.65,2026,Senior Software Testing Architect
MBA,Blockchain,9.59,2026,Senior Blockchain Architect
BCA,UI/UX Design,5.87,2025,Strategic Finance Lead
BBA,Machine Learning,7.41,2024,Content Strategy Manager
M.Tech,Accounting,7.93,2024,Product Management Manager
M.Com,Mobile App Dev,6.91,2025,Artificial Intelligence Specialist
B.Sc,Mobile App Dev,8.99,2027,Operations Asst (Opera)
MCA,Data Analytics,5.74,2024,Tech Support Data 
MBA,Content Strategy,6.62,2027,Big Data Specialist
MCA,DevOps,6.24,2024,Digital Marketing Manager
BCA,Digital Marketing,6.64,2027,Operations Asst (Produ)
B.Sc,Customer Success,7.58,2024,Strategic Operations Lead
B.E.,Content Strategy,6.1,2027,Big Data Specialist
B.Com,Software Testing,8.22,2025,Software Testing Specialist
M.Sc,Data Science,8.94,2027,Senior Data Science Architect
MBA,Cloud Computing,5.84,2025,Junior Accounting Associate
M.Com,Digital Marketing,7.23,2024,Digital Marketing Manager
MBA,Public Relations,9.36,2026,Junior Blockchain Engineer
B.E.,Network Security,5.04,2025,Strategic UI/UX Design Lead
M.Sc,Big Data,6.81,2025,Junior Big Data Engineer
B.Tech,Corporate Law,6.97,2025,Junior Corporate Law Associate
B.Voc,Digital Marketing,9.07,2025,Strategic Digital Marketing Lead
BCA,Artificial Intelligence,8.17,2025,Artificial Intelligence Specialist
BBA,Corporate Law,9.74,2026,Tech Support Embed
M.Sc,UI/UX Design,7.83,2027,Operations Asst (Custo)
B.E.,Embedded Systems,5.27,2026,Tech Support Embed
B.Sc,Project Management,9.06,2025,Strategic Project Management Lead
BCA,Full Stack Dev,8.4,2025,Full Stack Dev Specialist
B.Sc,Supply Chain,7.58,2025,Supply Chain Manager
B.Sc,Network Security,8.67,2024,Tech Support Cyber
M.E.,Product Management,8.05,2027,Product Management Manager
BBA,UI/UX Design,5.19,2027,Strategic Finance Lead
M.Com,Machine Learning,7.96,2026,Content Strategy Manager
BBA,Project Management,8.34,2026,Data Science Specialist
BBA,Customer Success,6.38,2027,Junior IoT Systems Engineer
Diploma,Cyber Security,5.19,2027,Tech Support Cyber
MCA,Finance,7.27,2025,Big Data Specialist
B.Tech,Mobile App Dev,6.25,2027,Artificial Intelligence Specialist
B.A.,Accounting,7.74,2026,Product Management Manager
M.Sc,Digital Marketing,6.79,2026,Operations Asst (Produ)
MCA,Big Data,8.75,2024,Strategic Project Management Lead
B.Sc,Sales,6.09,2026,Artificial Intelligence Specialist
B.A.,Public Relations,5.18,2024,Digital Marketing Manager
BBA,UI/UX Design,9.51,2026,Strategic UI/UX Design Lead
B.A.,DevOps,9.7,2025,Junior Blockchain Engineer
M.E.,Customer Success,9.15,2025,Strategic Customer Success Lead
B.Com,IoT Systems,6.96,2025,Junior IoT Systems Engineer
B.Tech,Business Analytics,8.01,2027,Business Analytics Manager
Diploma,Embedded Systems,9.1,2026,Junior Machine Learning Engineer
MCA,Digital Marketing,5.02,2026,Senior Cyber Security Architect
B.Tech,Network Security,5.33,2024,Strategic UI/UX Design Lead
MBA,Machine Learning,5.06,2024,Junior Software Testing Engineer
B.Sc,Finance,5.99,2026,Operations Asst (Proje)
Diploma,Human Resources,6.8,2027,Junior Human Resources Associate
M.Sc,Finance,6.57,2026,Junior Finance Associate
B.Com,UI/UX Design,8.23,2025,Operations Asst (Custo)
BBA,Project Management,7.2,2024,Data Science Specialist
MBA,Software Testing,7.31,2027,Software Testing Specialist
M.Com,Corporate Law,5.66,2024,Strategic Customer Success Lead
MCA,Big Data,7.66,2024,Big Data Specialist
B.Sc,Human Resources,9.24,2027,Strategic Human Resources Lead
BBA,Customer Success,9.26,2025,Strategic Customer Success Lead
B.Sc,Product Management,6.71,2024,Senior Data Science Architect
B.Tech,Content Strategy,6.1,2024,Big Data Specialist
M.Sc,Human Resources,7.06,2024,Senior Artificial Intelligence Architect
M.Tech,Data Analytics,5.3,2026,Tech Support Data 
MCA,Digital Marketing,5.34,2027,Senior Cyber Security Architect
M.Tech,Supply Chain,9.42,2027,Senior IoT Systems Architect
M.Tech,Blockchain,8.4,2026,Operations Asst (Opera)
B.Voc,Finance,8.05,2027,Big Data Specialist
B.Sc,Software Testing,9.81,2024,Senior Software Testing Architect
BCA,Operations,5.73,2026,Operations Asst (Opera)
BBA,Blockchain,9.55,2026,Senior Blockchain Architect
BCA,Network Security,8.66,2026,Tech Support Cyber
M.E.,Data Science,8.63,2027,Senior Data Science Architect
B.Voc,Network Security,8.89,2027,Tech Support Cyber
B.Tech,Embedded Systems,6.67,2024,Business Analytics Manager
B.Voc,Data Analytics,6.39,2027,Operations Asst (Proje)
BBA,Content Strategy,6.41,2026,Big Data Specialist
B.Com,Mobile App Dev,5.54,2024,Tech Support Full 
M.Sc,Blockchain,5.33,2026,Tech Support Block
Diploma,Human Resources,9.33,2025,Strategic Human Resources Lead
M.Sc,Public Relations,8.17,2024,Junior Network Security Engineer
MCA,Customer Success,7.5,2025,Strategic Operations Lead
B.Tech,Content Strategy,7.2,2026,Content Strategy Manager
B.Sc,Corporate Law,8.88,2027,Tech Support Embed
M.Com,Mobile App Dev,6.59,2025,Artificial Intelligence Specialist
BBA,Data Analytics,8.07,2027,Junior Human Resources Associate
B.Tech,Blockchain,6.62,2026,Junior Blockchain Engineer
BBA,Content Strategy,5.94,2026,Strategic Customer Success Lead
B.Sc,Corporate Law,8.65,2027,Tech Support Embed
B.Sc,Data Analytics,9.29,2024,Cyber Security Specialist
M.E.,Network Security,9.67,2027,Tech Support Cyber
MBA,Artificial Intelligence,8.56,2024,Senior Artificial Intelligence Architect
BBA,Sales,9.49,2025,Junior Business Analytics Associate
B.E.,Software Testing,6.72,2025,Junior Software Testing Engineer
M.Com,Project Management,9.33,2025,Strategic Project Management Lead
B.Com,Cloud Computing,6.84,2024,Junior Finance Associate
B.Sc,Cloud Computing,9.8,2025,Strategic Human Resources Lead
M.Com,Customer Success,9.92,2026,Strategic Customer Success Lead
BBA,Mobile App Dev,5.21,2024,Tech Support Full 
MBA,Network Security,6.77,2025,Junior Network Security Engineer
MCA,Operations,7.37,2027,Strategic Business Analytics Lead
B.A.,Embedded Systems,8.76,2024,Junior Machine Learning Engineer
M.E.,Finance,7.46,2027,Big Data Specialist
MCA,Human Resources,8.24,2024,Senior Artificial Intelligence Architect
B.A.,Finance,7.74,2026,Big Data Specialist
B.Sc,Corporate Law,8.0,2027,Full Stack Dev Specialist
B.E.,Embedded Systems,6.17,2024,Business Analytics Manager
BBA,Project Management,8.87,2026,Strategic Project Management Lead
MCA,DevOps,7.84,2025,DevOps Specialist
B.A.,Mobile App Dev,7.88,2025,Mobile App Dev Specialist
M.Com,Accounting,7.61,2026,Product Management Manager
B.Sc,Accounting,5.5,2024,Mobile App Dev Specialist
M.Tech,Data Science,7.8,2025,Data Science Specialist
B.E.,Software Testing,7.28,2027,Software Testing Specialist
MCA,Mobile App Dev,9.8,2025,Operations Asst (Opera)
M.Com,Cloud Computing,7.04,2024,Strategic Finance Lead
MCA,Operations,6.59,2027,Senior Blockchain Architect
Diploma,Big Data,8.36,2025,Big Data Specialist
MBA,Cloud Computing,8.73,2026,Strategic Human Resources Lead
M.E.,Finance,9.06,2024,Strategic Finance Lead
B.Com,Cloud Computing,5.82,2024,Junior Accounting Associate
M.E.,Big Data,9.48,2025,Strategic Project Management Lead
M.Tech,Full Stack Dev,7.85,2024,Full Stack Dev Specialist
M.Sc,Blockchain,8.24,2027,Operations Asst (Opera)
B.Voc,Cloud Computing,9.84,2026,Strategic Human Resources Lead
Diploma,Artificial Intelligence,9.45,2025,Senior Artificial Intelligence Architect
M.E.,DevOps,5.38,2027,Tech Support Full 
B.Com,Full Stack Dev,6.06,2027,Junior Corporate Law Associate
B.Sc,Customer Success,5.35,2025,Operations Asst (Custo)
BBA,Cloud Computing,7.42,2027,Strategic Finance Lead
B.Sc,Product Management,9.64,2027,Cyber Security Specialist
MBA,Embedded Systems,9.97,2025,Junior Machine Learning Engineer
B.Tech,Project Management,6.53,2025,Data Science Specialist
M.Sc,Human Resources,8.67,2027,Strategic Human Resources Lead
B.Voc,Full Stack Dev,7.31,2026,Full Stack Dev Specialist
BCA,Data Science,9.82,2024,Senior Data Science Architect
M.E.,Data Science,5.17,2026,Tech Support Data 
BBA,Data Analytics,8.91,2026,Cyber Security Specialist
MCA,DevOps,9.73,2027,Junior Blockchain Engineer
B.Sc,UI/UX Design,5.63,2025,Strategic Finance Lead
MBA,Sales,7.09,2025,Junior Big Data Engineer
Diploma,Cloud Computing,7.65,2025,Strategic Finance Lead
M.E.,DevOps,5.57,2026,Tech Support Full 
BCA,DevOps,6.08,2025,Digital Marketing Manager
BCA,Sales,7.08,2024,Junior Big Data Engineer
M.Com,Customer Success,7.43,2025,Strategic Operations Lead
MCA,Content Strategy,5.54,2026,Strategic Customer Success Lead
Diploma,Blockchain,6.61,2027,Junior Blockchain Engineer
Diploma,DevOps,5.88,2024,Tech Support Full 
M.Com,Full Stack Dev,8.13,2024,Full Stack Dev Specialist
MCA,Human Resources,9.86,2026,Strategic Human Resources Lead
BBA,Accounting,7.34,2027,Product Management Manager
MCA,Machine Learning,5.05,2027,Junior Software Testing Engineer
Diploma,Cyber Security,8.47,2025,Cyber Security Specialist
M.Sc,Digital Marketing,6.12,2027,Operations Asst (Produ)
M.Sc,Artificial Intelligence,6.3,2025,Operations Asst (Human)
B.Tech,Software Testing,6.48,2027,Junior Software Testing Engineer
B.Tech,Business Analytics,6.39,2026,Junior Business Analytics Associate
B.A.,Accounting,6.07,2024,Junior Accounting Associate
MBA,UI/UX Design,5.75,2024,Strategic Finance Lead
B.A.,Supply Chain,8.86,2026,Senior IoT Systems Architect
B.Sc,Data Analytics,7.73,2024,Junior Human Resources Associate
BCA,Sales,5.4,2027,Junior Cyber Security Engineer
M.Sc,Software Testing,5.78,2024,Software Testing Specialist
BCA,IoT Systems,5.68,2025,Strategic Digital Marketing Lead
B.A.,Blockchain,6.97,2024,Junior Blockchain Engineer
MCA,Sales,5.88,2026,Junior Cyber Security Engineer
M.Tech,Accounting,5.57,2024,Mobile App Dev Specialist
B.A.,Network Security,7.66,2025,Junior UI/UX Design Associate
B.Com,Network Security,6.86,2024,Junior Network Security Engineer
BBA,Blockchain,7.16,2024,Operations Asst (Opera)
Diploma,Network Security,8.6,2027,Tech Support Cyber
Diploma,Big Data,9.6,2024,Strategic Project Management Lead
BCA,UI/UX Design,9.06,2024,Strategic UI/UX Design Lead
MBA,Software Testing,5.84,2024,Software Testing Specialist
B.E.,Project Management,6.38,2025,Data Science Specialist
B.Com,Full Stack Dev,8.31,2026,Full Stack Dev Specialist
M.Sc,Finance,9.44,2026,Strategic Finance Lead
B.Voc,Data Science,5.43,2025,Tech Support Data 
MBA,DevOps,8.56,2026,Junior Blockchain Engineer
BCA,Cloud Computing,5.21,2024,Junior Accounting Associate
M.Sc,Digital Marketing,6.32,2027,Operations Asst (Produ)
BCA,Mobile App Dev,5.56,2025,Tech Support Full 
B.Com,Machine Learning,8.06,2027,Content Strategy Manager
Diploma,Content Strategy,8.29,2027,Content Strategy Manager
BCA,Business Analytics,5.02,2025,Strategic Human Resources Lead
M.Tech,Artificial Intelligence,6.77,2025,Operations Asst (Human)
B.Voc,Finance,9.15,2027,Strategic Finance Lead
MBA,Cyber Security,9.31,2025,Senior Cyber Security Architect
B.Sc,IoT Systems,7.94,2027,Junior Finance Associate
Diploma,Artificial Intelligence,5.58,2026,Senior Data Science Architect
MBA,Corporate Law,6.18,2027,Junior Corporate Law Associate
M.Sc,Business Analytics,8.96,2027,Strategic Business Analytics Lead
B.Voc,Mobile App Dev,5.32,2025,Tech Support Full 
B.Voc,Content Strategy,6.13,2024,Big Data Specialist
MCA,Data Science,7.35,2026,Data Science Specialist
B.Sc,Blockchain,8.52,2026,Senior Blockchain Architect
B.Voc,Cyber Security,5.23,2024,Tech Support Cyber
M.Com,Corporate Law,9.34,2024,Tech Support Embed
B.Sc,Content Strategy,8.99,2027,Senior Artificial Intelligence Architect
M.Tech,IoT Systems,9.49,2026,Senior IoT Systems Architect
MCA,Data Science,7.99,2026,Data Science Specialist
B.Com,Finance,7.32,2027,Big Data Specialist
B.E.,UI/UX Design,8.43,2024,Operations Asst (Custo)
MBA,Full Stack Dev,5.38,2025,Tech Support Full 
MCA,Full Stack Dev,7.16,2024,Full Stack Dev Specialist
M.Com,Project Management,9.42,2026,Strategic Project Management Lead
M.E.,UI/UX Design,9.58,2024,Strategic UI/UX Design Lead
B.Tech,Business Analytics,8.39,2024,Business Analytics Manager
M.Sc,Content Strategy,5.09,2027,Strategic Customer Success Lead
B.E.,Data Analytics,8.66,2026,Cyber Security Specialist
B.Sc,Big Data,7.2,2025,Big Data Specialist
Diploma,Cyber Security,8.27,2026,Cyber Security Specialist
B.Com,Finance,6.96,2025,Junior Finance Associate
M.Com,Content Strategy,8.41,2024,Content Strategy Manager
Diploma,IoT Systems,8.78,2024,Senior IoT Systems Architect
M.Com,Big Data,8.12,2025,Big Data Specialist
M.Tech,Customer Success,6.66,2027,Junior IoT Systems Engineer
M.Sc,Content Strategy,7.5,2027,Content Strategy Manager
B.Voc,Supply Chain,5.73,2024,Junior Corporate Law Associate
B.E.,Cloud Computing,5.64,2026,Junior Accounting Associate
B.A.,Cloud Computing,7.65,2026,Strategic Finance Lead
B.Com,Mobile App Dev,5.9,2025,Tech Support Full 
BBA,Mobile App Dev,6.86,2024,Artificial Intelligence Specialist
M.Com,Digital Marketing,6.08,2024,Operations Asst (Produ)
MCA,Operations,7.73,2024,Strategic Business Analytics Lead
BBA,DevOps,6.72,2024,Digital Marketing Manager
B.Com,Digital Marketing,7.56,2027,Digital Marketing Manager
M.Tech,Embedded Systems,9.91,2024,Junior Machine Learning Engineer
Diploma,Project Management,9.62,2024,Strategic Project Management Lead
B.Com,Big Data,5.9,2026,Tech Support Data 
M.E.,Blockchain,7.31,2025,Operations Asst (Opera)
B.E.,Sales,6.84,2027,Artificial Intelligence Specialist
MCA,Finance,6.27,2024,Junior Finance Associate
MCA,Sales,6.25,2025,Artificial Intelligence Specialist
Diploma,Finance,5.25,2024,Operations Asst (Proje)
M.Tech,IoT Systems,6.06,2027,Junior IoT Systems Engineer
BCA,Public Relations,8.15,2027,Junior Network Security Engineer
B.Sc,Customer Success,7.31,2026,Strategic Operations Lead
M.E.,Network Security,5.35,2026,Strategic UI/UX Design Lead
BBA,IoT Systems,8.0,2026,Junior Finance Associate
M.E.,Artificial Intelligence,6.18,2026,Operations Asst (Human)
M.Sc,Finance,5.98,2024,Operations Asst (Proje)
Diploma,Data Analytics,7.07,2025,Junior Human Resources Associate
Diploma,DevOps,8.34,2025,DevOps Specialist
B.A.,UI/UX Design,7.02,2024,Operations Asst (Custo)
B.E.,Software Testing,8.65,2025,Senior Software Testing Architect
M.Sc,UI/UX Design,6.59,2024,Junior UI/UX Design Associate
M.Com,Data Analytics,9.46,2026,Cyber Security Specialist
B.Tech,DevOps,6.12,2024,Digital Marketing Manager
B.Voc,Customer Success,5.97,2027,Operations Asst (Custo)
M.Com,Finance,9.3,2024,Strategic Finance Lead
BBA,Business Analytics,5.69,2024,Strategic Human Resources Lead
MBA,Full Stack Dev,9.36,2024,DevOps Specialist
M.Tech,Big Data,7.6,2025,Big Data Specialist
B.Sc,Software Testing,6.88,2026,Junior Software Testing Engineer
B.E.,Corporate Law,8.29,2027,Full Stack Dev Specialist
M.Sc,Content Strategy,9.39,2025,Senior Artificial Intelligence Architect
B.Sc,Full Stack Dev,6.68,2024,Junior Corporate Law Associate
B.Sc,Sales,5.28,2025,Junior Cyber Security Engineer
M.Sc,Public Relations,7.87,2027,Junior Network Security Engineer
BBA,IoT Systems,9.35,2027,Senior IoT Systems Architect
B.A.,DevOps,7.31,2027,DevOps Specialist
M.Tech,Public Relations,6.16,2025,Supply Chain Manager
M.Com,Network Security,5.65,2027,Strategic UI/UX Design Lead
M.Tech,Corporate Law,6.11,2024,Junior Corporate Law Associate
M.Com,UI/UX Design,8.1,2024,Operations Asst (Custo)
BCA,Cloud Computing,8.28,2027,Strategic Finance Lead
MCA,Blockchain,5.81,2024,Tech Support Block
B.Com,Customer Success,7.1,2025,Strategic Operations Lead
M.E.,Mobile App Dev,5.1,2025,Tech Support Full 
M.Tech,Finance,9.04,2025,Strategic Finance Lead
BBA,Data Analytics,6.58,2024,Operations Asst (Proje)
Diploma,Business Analytics,8.28,2027,Business Analytics Manager
M.Sc,Mobile App Dev,9.4,2026,Operations Asst (Opera)
MBA,Software Testing,7.76,2027,Software Testing Specialist
MBA,Operations,8.8,2026,Strategic Operations Lead
B.Tech,Data Science,9.67,2024,Senior Data Science Architect
MBA,Finance,9.33,2024,Strategic Finance Lead
MBA,Accounting,8.71,2027,Junior Business Analytics Associate
M.Sc,Sales,9.53,2026,Junior Business Analytics Associate
M.Tech,Blockchain,9.92,2027,Senior Blockchain Architect
Diploma,Operations,8.69,2026,Strategic Operations Lead
M.E.,Network Security,6.81,2027,Junior Network Security Engineer
M.E.,DevOps,6.32,2027,Digital Marketing Manager
B.Tech,Full Stack Dev,9.1,2025,DevOps Specialist
B.Sc,Content Strategy,6.47,2025,Big Data Specialist
B.Com,Digital Marketing,8.72,2027,Strategic Digital Marketing Lead
B.Sc,Cyber Security,9.04,2024,Senior Cyber Security Architect
B.Com,Cloud Computing,8.15,2027,Strategic Finance Lead
B.A.,Big Data,6.48,2027,Junior Big Data Engineer
B.Com,Full Stack Dev,5.16,2026,Tech Support Full 
B.Com,Network Security,9.8,2025,Tech Support Cyber
M.Sc,Mobile App Dev,7.66,2026,Mobile App Dev Specialist
MCA,Network Security,5.82,2027,Strategic UI/UX Design Lead
B.Tech,Content Strategy,6.68,2027,Big Data Specialist
M.Sc,Product Management,9.82,2026,Cyber Security Specialist
B.A.,Supply Chain,8.08,2027,Supply Chain Manager
M.E.,DevOps,7.61,2027,DevOps Specialist
MCA,Blockchain,9.65,2026,Senior Blockchain Architect
MCA,UI/UX Design,7.57,2024,Operations Asst (Custo)
M.Sc,Finance,9.71,2025,Strategic Finance Lead
M.E.,Content Strategy,9.33,2025,Senior Artificial Intelligence Architect
MBA,Full Stack Dev,7.07,2025,Full Stack Dev Specialist
Diploma,Digital Marketing,5.7,2025,Senior Cyber Security Architect
BBA,Full Stack Dev,6.11,2024,Junior Corporate Law Associate
B.Voc,Operations,6.42,2026,Senior Blockchain Architect
M.Tech,Network Security,9.93,2027,Tech Support Cyber
M.Tech,Full Stack Dev,8.87,2027,DevOps Specialist
MBA,Blockchain,9.14,2027,Senior Blockchain Architect
BBA,Big Data,9.76,2025,Strategic Project Management Lead
B.Sc,Network Security,8.65,2026,Tech Support Cyber
B.Sc,Cyber Security,5.18,2026,Tech Support Cyber
B.E.,Business Analytics,6.3,2026,Junior Business Analytics Associate
B.E.,Business Analytics,5.35,2026,Strategic Human Resources Lead
B.A.,Sales,7.53,2026,Junior Big Data Engineer
B.Com,Software Testing,8.3,2027,Software Testing Specialist
BBA,Machine Learning,5.38,2025,Junior Software Testing Engineer
MBA,Project Management,8.9,2024,Strategic Project Management Lead
MBA,Cyber Security,5.4,2026,Tech Support Cyber
M.Tech,Customer Success,7.96,2026,Strategic Operations Lead
B.Com,Data Analytics,8.63,2025,Cyber Security Specialist
M.Com,Operations,8.03,2027,Strategic Business Analytics Lead
B.Voc,Embedded Systems,5.38,2024,Tech Support Embed
B.Voc,Artificial Intelligence,5.87,2024,Senior Data Science Architect
BCA,Supply Chain,6.92,2027,Strategic Project Management Lead
M.Sc,Human Resources,5.97,2026,Operations Asst (Human)
M.Tech,UI/UX Design,5.41,2027,Strategic Finance Lead
B.Tech,Blockchain,7.8,2026,Operations Asst (Opera)
B.Com,Sales,5.14,2024,Junior Cyber Security Engineer
BCA,Business Analytics,5.23,2025,Strategic Human Resources Lead
B.Tech,Operations,7.82,2024,Strategic Business Analytics Lead
B.Com,Customer Success,6.69,2024,Junior IoT Systems Engineer
B.Tech,Sales,9.01,2026,Junior Business Analytics Associate
M.Com,UI/UX Design,9.39,2025,Strategic UI/UX Design Lead
B.Com,Corporate Law,5.94,2024,Strategic Customer Success Lead
B.Com,Cyber Security,8.76,2025,Senior Cyber Security Architect
B.E.,Artificial Intelligence,5.53,2027,Senior Data Science Architect
BCA,Sales,5.58,2025,Junior Cyber Security Engineer
M.E.,Product Management,7.3,2024,Product Management Manager
M.Sc,Cloud Computing,5.04,2027,Junior Accounting Associate
MCA,Data Analytics,7.51,2027,Junior Human Resources Associate
B.Sc,Operations,9.95,2025,Strategic Operations Lead
BBA,Big Data,8.22,2026,Big Data Specialist
B.Voc,Embedded Systems,9.66,2027,Junior Machine Learning Engineer
B.A.,Business Analytics,8.55,2025,Strategic Business Analytics Lead
MCA,Accounting,8.15,2025,Product Management Manager
Diploma,Embedded Systems,5.31,2025,Tech Support Embed
M.Tech,Mobile App Dev,7.19,2027,Mobile App Dev Specialist
M.E.,Cloud Computing,6.98,2025,Junior Finance Associate
B.Com,Cyber Security,8.53,2024,Senior Cyber Security Architect
B.Sc,Artificial Intelligence,8.19,2027,Artificial Intelligence Specialist
BCA,Big Data,5.95,2024,Tech Support Data 
Diploma,Cloud Computing,7.4,2025,Strategic Finance Lead
BCA,Cyber Security,8.05,2025,Cyber Security Specialist
M.Sc,Project Management,7.02,2024,Data Science Specialist
M.Tech,Human Resources,7.02,2024,Senior Artificial Intelligence Architect
B.Voc,Product Management,5.57,2027,Operations Asst (Produ)
B.E.,Human Resources,9.31,2025,Strategic Human Resources Lead
B.Voc,Big Data,9.72,2026,Strategic Project Management Lead
M.E.,Embedded Systems,8.29,2027,Senior Software Testing Architect
M.Com,Mobile App Dev,7.54,2025,Mobile App Dev Specialist
B.Tech,Network Security,5.65,2025,Strategic UI/UX Design Lead
BBA,Content Strategy,6.28,2027,Big Data Specialist
B.A.,Product Management,9.3,2027,Cyber Security Specialist
MBA,Operations,6.53,2024,Senior Blockchain Architect
B.E.,Product Management,9.62,2024,Cyber Security Specialist
MCA,Sales,9.16,2024,Junior Business Analytics Associate
MBA,Corporate Law,6.01,2025,Junior Corporate Law Associate
MBA,Corporate Law,8.94,2025,Tech Support Embed
B.A.,UI/UX Design,5.05,2025,Strategic Finance Lead
M.Com,Full Stack Dev,8.55,2026,DevOps Specialist
M.Tech,Accounting,9.99,2024,Junior Business Analytics Associate
B.E.,Accounting,5.67,2027,Mobile App Dev Specialist
B.Voc,Supply Chain,6.02,2026,Strategic Project Management Lead
MBA,Human Resources,8.11,2024,Senior Artificial Intelligence Architect
M.Tech,Customer Success,6.98,2027,Junior IoT Systems Engineer
B.E.,Data Analytics,5.14,2027,Tech Support Data 
M.Sc,Customer Success,8.71,2026,Strategic Customer Success Lead
M.Tech,Human Resources,8.64,2026,Strategic Human Resources Lead
B.Com,Software Testing,5.35,2024,Software Testing Specialist
M.Sc,Customer Success,8.61,2024,Strategic Customer Success Lead
B.A.,Product Management,7.01,2025,Product Management Manager
B.Voc,Sales,8.8,2024,Junior Business Analytics Associate
B.Voc,Big Data,8.77,2024,Strategic Project Management Lead
B.Com,Content Strategy,5.14,2027,Strategic Customer Success Lead
B.A.,Cyber Security,5.17,2025,Tech Support Cyber
BBA,Business Analytics,8.77,2025,Strategic Business Analytics Lead
MCA,Business Analytics,6.6,2026,Junior Business Analytics Associate
B.Com,Embedded Systems,9.27,2025,Junior Machine Learning Engineer
B.Tech,Public Relations,6.34,2027,Supply Chain Manager
M.Tech,Product Management,9.13,2027,Cyber Security Specialist
MBA,Accounting,9.62,2027,Junior Business Analytics Associate
Diploma,Software Testing,6.41,2026,Junior Software Testing Engineer
M.Com,Cloud Computing,6.0,2026,Junior Finance Associate
M.Sc,Machine Learning,5.24,2024,Junior Software Testing Engineer
M.Com,Public Relations,8.28,2026,Junior Network Security Engineer
M.Tech,Product Management,8.77,2025,Cyber Security Specialist
M.Sc,Human Resources,5.39,2026,Operations Asst (Human)
M.Tech,Product Management,8.5,2025,Cyber Security Specialist
MBA,Business Analytics,8.42,2027,Business Analytics Manager
B.E.,Machine Learning,8.27,2026,Content Strategy Manager
B.Voc,Cloud Computing,5.48,2026,Junior Accounting Associate
M.Tech,Artificial Intelligence,6.75,2026,Operations Asst (Human)
MBA,Sales,7.19,2024,Junior Big Data Engineer
B.Com,Content Strategy,6.5,2027,Big Data Specialist
MCA,Cyber Security,9.36,2027,Senior Cyber Security Architect
B.Voc,Cyber Security,9.08,2024,Senior Cyber Security Architect
B.Tech,Content Strategy,8.16,2025,Content Strategy Manager
M.Tech,Customer Success,9.43,2026,Strategic Customer Success Lead
M.Sc,Business Analytics,5.58,2024,Strategic Human Resources Lead
B.Sc,Blockchain,8.48,2024,Operations Asst (Opera)
BBA,Artificial Intelligence,5.15,2025,Senior Data Science Architect
M.Tech,Accounting,7.99,2026,Product Management Manager
B.A.,Mobile App Dev,8.32,2025,Mobile App Dev Specialist
B.A.,Product Management,8.43,2025,Product Management Manager
B.Voc,Content Strategy,6.26,2025,Big Data Specialist
B.Com,Big Data,7.42,2024,Big Data Specialist
B.Com,Finance,8.75,2024,Strategic Finance Lead
B.Tech,Project Management,7.22,2025,Data Science Specialist
MCA,Blockchain,6.91,2025,Junior Blockchain Engineer
BBA,Artificial Intelligence,8.2,2026,Artificial Intelligence Specialist
B.Tech,IoT Systems,6.47,2025,Junior IoT Systems Engineer
B.Com,Accounting,8.61,2027,Junior Business Analytics Associate
Diploma,Data Science,6.61,2025,Operations Asst (Custo)
BBA,Cloud Computing,5.36,2027,Junior Accounting Associate
B.E.,Operations,9.08,2025,Strategic Operations Lead
M.E.,DevOps,7.21,2025,DevOps Specialist
M.Sc,Corporate Law,8.69,2025,Tech Support Embed
B.E.,Public Relations,8.74,2026,Junior Blockchain Engineer
B.A.,Finance,7.88,2027,Big Data Specialist
B.E.,Software Testing,6.56,2027,Junior Software Testing Engineer
Diploma,Content Strategy,7.41,2026,Content Strategy Manager
M.E.,Project Management,5.28,2024,Operations Asst (Proje)
B.Voc,Product Management,9.45,2026,Cyber Security Specialist
BCA,Content Strategy,6.7,2026,Big Data Specialist
B.A.,Content Strategy,8.42,2026,Content Strategy Manager
B.Voc,Digital Marketing,6.98,2027,Operations Asst (Produ)
B.A.,Supply Chain,8.98,2027,Senior IoT Systems Architect
M.Tech,Content Strategy,6.03,2027,Big Data Specialist
M.E.,Digital Marketing,9.59,2025,Strategic Digital Marketing Lead
B.A.,Full Stack Dev,8.3,2025,Full Stack Dev Specialist
B.Sc,Big Data,8.02,2027,Big Data Specialist
Diploma,Machine Learning,9.84,2027,Tech Support Block
Diploma,UI/UX Design,6.55,2026,Junior UI/UX Design Associate
M.Tech,Business Analytics,9.63,2025,Strategic Business Analytics Lead
B.Voc,Accounting,9.29,2025,Junior Business Analytics Associate
B.Com,Data Analytics,6.34,2027,Operations Asst (Proje)
MBA,Business Analytics,6.34,2025,Junior Business Analytics Associate
B.A.,Blockchain,6.31,2025,Junior Blockchain Engineer
B.Voc,Customer Success,5.42,2024,Operations Asst (Custo)
MBA,Content Strategy,6.66,2027,Big Data Specialist
B.Tech,Mobile App Dev,6.65,2026,Artificial Intelligence Specialist
MBA,Cyber Security,5.52,2027,Tech Support Cyber
B.E.,UI/UX Design,8.29,2025,Operations Asst (Custo)
MCA,Data Science,9.12,2026,Senior Data Science Architect
B.Com,Blockchain,5.4,2024,Tech Support Block
M.E.,Project Management,8.78,2026,Strategic Project Management Lead
M.Sc,Human Resources,8.28,2024,Senior Artificial Intelligence Architect
B.Voc,Cyber Security,6.51,2024,Junior Cyber Security Engineer
Diploma,Content Strategy,9.77,2025,Senior Artificial Intelligence Architect
B.Voc,DevOps,5.74,2024,Tech Support Full 
B.Com,Digital Marketing,8.38,2025,Digital Marketing Manager
B.Sc,Artificial Intelligence,8.77,2027,Senior Artificial Intelligence Architect
B.Tech,Software Testing,6.55,2026,Junior Software Testing Engineer
B.E.,Artificial Intelligence,7.86,2027,Artificial Intelligence Specialist
BBA,Corporate Law,8.64,2025,Tech Support Embed
B.Tech,Full Stack Dev,5.47,2025,Tech Support Full 
B.Sc,Data Analytics,7.17,2024,Junior Human Resources Associate
M.Com,DevOps,5.55,2025,Tech Support Full 
BBA,Embedded Systems,9.24,2024,Junior Machine Learning Engineer
Diploma,Corporate Law,7.99,2027,Full Stack Dev Specialist
MBA,Software Testing,7.21,2027,Software Testing Specialist
M.E.,Full Stack Dev,8.44,2025,Full Stack Dev Specialist
Diploma,Sales,6.93,2027,Artificial Intelligence Specialist
B.Tech,Blockchain,9.32,2025,Senior Blockchain Architect
BBA,Public Relations,9.41,2026,Junior Blockchain Engineer
MBA,Blockchain,7.42,2024,Operations Asst (Opera)
B.Com,UI/UX Design,8.72,2026,Strategic UI/UX Design Lead
B.E.,Corporate Law,9.65,2025,Tech Support Embed
M.Com,Accounting,7.96,2026,Product Management Manager
M.Com,Data Science,5.86,2024,Tech Support Data 
M.Sc,Blockchain,6.31,2026,Junior Blockchain Engineer
M.Sc,Supply Chain,5.52,2026,Junior Corporate Law Associate
MCA,Cyber Security,5.33,2027,Tech Support Cyber
B.Voc,IoT Systems,6.72,2025,Junior IoT Systems Engineer
M.Com,Cyber Security,9.64,2024,Senior Cyber Security Architect
MCA,Data Science,7.59,2026,Data Science Specialist
M.Sc,Customer Success,9.37,2026,Strategic Customer Success Lead
M.Tech,Big Data,6.8,2025,Junior Big Data Engineer
Diploma,Business Analytics,9.82,2026,Strategic Business Analytics Lead
BBA,Digital Marketing,5.51,2026,Senior Cyber Security Architect
B.E.,Supply Chain,9.65,2027,Senior IoT Systems Architect
M.Com,Customer Success,9.92,2027,Strategic Customer Success Lead
B.E.,Cloud Computing,6.28,2024,Junior Finance Associate
B.Voc,Sales,7.27,2025,Junior Big Data Engineer
M.E.,Artificial Intelligence,8.06,2025,Artificial Intelligence Specialist
MCA,Finance,5.74,2025,Operations Asst (Proje)
BCA,Machine Learning,6.96,2026,Junior Machine Learning Engineer
BCA,Sales,7.81,2024,Junior Big Data Engineer
M.Sc,Artificial Intelligence,7.38,2025,Artificial Intelligence Specialist
B.E.,Content Strategy,5.85,2027,Strategic Customer Success Lead
M.Com,Operations,6.54,2025,Senior Blockchain Architect
Diploma,Corporate Law,8.87,2024,Tech Support Embed
BBA,Public Relations,7.03,2025,Junior Network Security Engineer
MBA,Mobile App Dev,6.86,2026,Artificial Intelligence Specialist
M.E.,Public Relations,7.72,2027,Junior Network Security Engineer
M.Tech,UI/UX Design,5.79,2027,Strategic Finance Lead
M.Sc,Network Security,5.57,2024,Strategic UI/UX Design Lead
B.A.,Data Analytics,8.49,2027,Junior Human Resources Associate
B.Sc,Digital Marketing,7.09,2024,Digital Marketing Manager
BBA,DevOps,6.48,2027,Digital Marketing Manager
BBA,Cloud Computing,5.53,2026,Junior Accounting Associate
B.Voc,Full Stack Dev,8.42,2025,Full Stack Dev Specialist
MCA,Artificial Intelligence,6.86,2027,Operations Asst (Human)
B.Voc,Content Strategy,6.77,2026,Big Data Specialist
M.Sc,Supply Chain,5.66,2025,Junior Corporate Law Associate
B.Voc,Digital Marketing,5.99,2027,Senior Cyber Security Architect
B.Voc,Project Management,5.76,2026,Operations Asst (Proje)
MCA,Mobile App Dev,6.57,2027,Artificial Intelligence Specialist
B.Tech,Software Testing,9.28,2027,Senior Software Testing Architect
MBA,Big Data,5.71,2024,Tech Support Data 
B.Voc,Business Analytics,9.09,2026,Strategic Business Analytics Lead
B.Com,Supply Chain,7.6,2026,Supply Chain Manager
BBA,Cyber Security,6.55,2027,Junior Cyber Security Engineer
B.Com,Full Stack Dev,6.07,2026,Junior Corporate Law Associate
B.E.,Artificial Intelligence,9.01,2024,Senior Artificial Intelligence Architect
M.Sc,Content Strategy,9.88,2027,Senior Artificial Intelligence Architect
BBA,Accounting,9.03,2026,Junior Business Analytics Associate
MBA,Blockchain,10.0,2026,Senior Blockchain Architect
B.A.,Data Science,6.9,2026,Operations Asst (Custo)
B.E.,Blockchain,5.62,2027,Tech Support Block
Diploma,Data Analytics,8.35,2025,Junior Human Resources Associate
M.E.,Supply Chain,9.74,2027,Senior IoT Systems Architect
MCA,Public Relations,6.23,2025,Supply Chain Manager
MCA,Corporate Law,7.79,2025,Full Stack Dev Specialist
B.E.,Artificial Intelligence,9.69,2027,Senior Artificial Intelligence Architect
M.E.,Software Testing,7.5,2026,Software Testing Specialist
B.Sc,Big Data,8.36,2024,Big Data Specialist
Diploma,Data Analytics,6.6,2027,Operations Asst (Proje)
BCA,Embedded Systems,6.5,2025,Business Analytics Manager
BBA,Network Security,8.0,2025,Junior UI/UX Design Associate
MBA,Business Analytics,6.56,2027,Junior Business Analytics Associate
MBA,Artificial Intelligence,5.81,2026,Senior Data Science Architect
MCA,Finance,9.34,2027,Strategic Finance Lead
B.Sc,IoT Systems,5.28,2026,Strategic Digital Marketing Lead
MCA,Human Resources,7.36,2026,Senior Artificial Intelligence Architect
B.A.,Big Data,6.15,2025,Junior Big Data Engineer
M.Sc,Data Science,6.1,2025,Operations Asst (Custo)
M.Sc,Sales,8.37,2026,Junior Big Data Engineer
B.Tech,Network Security,9.67,2025,Tech Support Cyber
B.Voc,Public Relations,6.65,2027,Supply Chain Manager
B.E.,Big Data,5.12,2024,Tech Support Data 
MBA,Full Stack Dev,7.74,2025,Full Stack Dev Specialist
BBA,Full Stack Dev,9.61,2024,DevOps Specialist
B.Tech,Project Management,7.17,2024,Data Science Specialist
M.Com,Full Stack Dev,7.64,2026,Full Stack Dev Specialist
MBA,Artificial Intelligence,8.27,2026,Artificial Intelligence Specialist
Diploma,Corporate Law,7.21,2024,Full Stack Dev Specialist
M.Sc,Accounting,8.56,2027,Junior Business Analytics Associate
B.Tech,Accounting,5.2,2026,Mobile App Dev Specialist
M.E.,Cloud Computing,6.95,2025,Junior Finance Associate
B.E.,UI/UX Design,9.57,2024,Strategic UI/UX Design Lead
B.Voc,Cloud Computing,9.82,2026,Strategic Human Resources Lead
B.Voc,Supply Chain,8.0,2025,Supply Chain Manager
B.Voc,Machine Learning,8.11,2027,Content Strategy Manager
MCA,IoT Systems,7.53,2025,Junior Finance Associate
B.A.,Blockchain,5.58,2026,Tech Support Block
B.Com,Artificial Intelligence,9.58,2026,Senior Artificial Intelligence Architect
M.E.,Product Management,6.4,2027,Senior Data Science Architect
B.Tech,Human Resources,6.06,2026,Junior Human Resources Associate
B.A.,Cyber Security,8.95,2027,Senior Cyber Security Architect
B.A.,Blockchain,7.68,2024,Operations Asst (Opera)
M.Com,UI/UX Design,8.54,2026,Strategic UI/UX Design Lead
M.Com,Sales,9.27,2024,Junior Business Analytics Associate
BCA,Data Analytics,8.9,2027,Cyber Security Specialist
M.Sc,IoT Systems,8.42,2027,Junior Finance Associate
M.Sc,Data Science,7.72,2026,Data Science Specialist
BCA,Full Stack Dev,5.89,2024,Tech Support Full 
B.Tech,Digital Marketing,8.65,2027,Strategic Digital Marketing Lead
B.A.,Software Testing,6.07,2027,Junior Software Testing Engineer
M.Com,Cloud Computing,8.42,2026,Strategic Finance Lead
M.E.,Full Stack Dev,6.44,2026,Junior Corporate Law Associate
M.Sc,Full Stack Dev,9.53,2025,DevOps Specialist
MBA,Product Management,9.45,2026,Cyber Security Specialist
M.Tech,Corporate Law,8.9,2025,Tech Support Embed
M.Sc,Project Management,9.91,2027,Strategic Project Management Lead
B.Sc,Machine Learning,7.45,2025,Content Strategy Manager
B.Sc,Network Security,5.48,2025,Strategic UI/UX Design Lead
B.A.,Public Relations,5.97,2025,Digital Marketing Manager
B.Tech,Content Strategy,6.62,2026,Big Data Specialist
MBA,Customer Success,7.87,2027,Strategic Operations Lead
B.Tech,Data Science,6.87,2025,Operations Asst (Custo)
B.Voc,Network Security,9.29,2027,Tech Support Cyber
B.Com,Data Science,9.93,2024,Senior Data Science Architect
BCA,Data Science,6.05,2026,Operations Asst (Custo)
BBA,Network Security,6.61,2027,Junior Network Security Engineer
B.A.,Operations,5.73,2027,Operations Asst (Opera)
B.Com,Product Management,5.29,2027,Operations Asst (Produ)
MBA,Operations,7.28,2025,Strategic Business Analytics Lead
M.E.,Software Testing,5.09,2024,Software Testing Specialist
MCA,Data Science,6.59,2025,Operations Asst (Custo)
BBA,Project Management,7.61,2026,Data Science Specialist
B.Com,Full Stack Dev,8.42,2024,Full Stack Dev Specialist
M.Sc,Blockchain,7.65,2026,Operations Asst (Opera)
BCA,Big Data,6.37,2024,Junior Big Data Engineer
M.Sc,IoT Systems,6.67,2024,Junior IoT Systems Engineer
B.E.,Data Analytics,5.79,2024,Tech Support Data 
M.Sc,Content Strategy,9.02,2027,Senior Artificial Intelligence Architect
B.A.,Accounting,6.2,2024,Junior Accounting Associate
M.Com,Blockchain,8.97,2025,Senior Blockchain Architect
B.Com,Artificial Intelligence,6.48,2027,Operations Asst (Human)
B.Tech,Operations,5.48,2027,Operations Asst (Opera)
B.Tech,Mobile App Dev,9.93,2025,Operations Asst (Opera)
Diploma,Artificial Intelligence,9.57,2026,Senior Artificial Intelligence Architect
M.Sc,Machine Learning,5.14,2026,Junior Software Testing Engineer
M.Tech,Business Analytics,8.99,2026,Strategic Business Analytics Lead
MCA,Supply Chain,5.16,2026,Junior Corporate Law Associate
M.Com,Operations,7.16,2027,Strategic Business Analytics Lead
Diploma,Product Management,9.61,2026,Cyber Security Specialist
B.Voc,DevOps,5.56,2025,Tech Support Full 
B.Voc,Mobile App Dev,7.37,2027,Mobile App Dev Specialist
B.Com,Business Analytics,8.03,2026,Business Analytics Manager
B.Voc,Operations,6.97,2027,Senior Blockchain Architect
MCA,UI/UX Design,7.62,2024,Operations Asst (Custo)
M.E.,Cloud Computing,6.11,2027,Junior Finance Associate
M.E.,IoT Systems,8.31,2026,Junior Finance Associate
M.Tech,Human Resources,8.86,2026,Strategic Human Resources Lead
Diploma,Content Strategy,7.8,2025,Content Strategy Manager
B.Com,Public Relations,6.84,2024,Supply Chain Manager
Diploma,Software Testing,6.6,2025,Junior Software Testing Engineer
M.E.,Public Relations,5.88,2025,Digital Marketing Manager
B.Sc,Big Data,7.76,2025,Big Data Specialist
MBA,Blockchain,9.74,2027,Senior Blockchain Architect
B.Tech,Cyber Security,6.37,2024,Junior Cyber Security Engineer
BBA,Customer Success,7.72,2025,Strategic Operations Lead
B.Tech,Mobile App Dev,9.76,2025,Operations Asst (Opera)
BBA,Operations,8.87,2026,Strategic Operations Lead
B.Com,DevOps,7.77,2024,DevOps Specialist
BCA,Embedded Systems,7.37,2024,Senior Software Testing Architect
BBA,Operations,8.64,2024,Strategic Operations Lead
M.E.,Cyber Security,5.33,2027,Tech Support Cyber
MBA,Digital Marketing,8.23,2025,Digital Marketing Manager
MCA,Operations,8.9,2025,Strategic Operations Lead
B.Com,Big Data,6.4,2027,Junior Big Data Engineer
M.Tech,Full Stack Dev,7.16,2026,Full Stack Dev Specialist
B.Sc,Software Testing,6.27,2026,Junior Software Testing Engineer
BBA,Corporate Law,8.12,2027,Full Stack Dev Specialist
MCA,Embedded Systems,6.71,2027,Business Analytics Manager
M.Sc,Public Relations,6.85,2024,Supply Chain Manager
M.Com,Accounting,7.14,2024,Product Management Manager
B.E.,Finance,6.84,2026,Junior Finance Associate
B.Sc,Embedded Systems,7.34,2024,Senior Software Testing Architect
B.Sc,UI/UX Design,7.45,2026,Operations Asst (Custo)
B.Voc,Big Data,7.42,2027,Big Data Specialist
BCA,Data Analytics,8.86,2026,Cyber Security Specialist
M.Sc,Cyber Security,6.98,2026,Junior Cyber Security Engineer
Diploma,Finance,9.6,2027,Strategic Finance Lead
B.E.,Artificial Intelligence,9.56,2026,Senior Artificial Intelligence Architect
B.A.,Finance,8.84,2024,Strategic Finance Lead
BBA,Supply Chain,7.39,2024,Supply Chain Manager
Diploma,Public Relations,9.04,2027,Junior Blockchain Engineer
B.E.,Cyber Security,5.96,2027,Tech Support Cyber
B.Sc,Content Strategy,5.15,2027,Strategic Customer Success Lead
M.Com,Mobile App Dev,5.16,2024,Tech Support Full 
BCA,Product Management,8.23,2026,Product Management Manager
MBA,Big Data,6.99,2027,Junior Big Data Engineer
B.Sc,Human Resources,6.17,2027,Junior Human Resources Associate
B.Tech,UI/UX Design,6.58,2026,Junior UI/UX Design Associate
BBA,Data Analytics,9.19,2027,Cyber Security Specialist
MCA,Blockchain,5.17,2026,Tech Support Block
M.Sc,Mobile App Dev,9.19,2026,Operations Asst (Opera)
M.E.,Data Analytics,8.9,2027,Cyber Security Specialist
Diploma,Corporate Law,9.83,2027,Tech Support Embed
M.Sc,Sales,6.09,2025,Artificial Intelligence Specialist
B.Voc,Embedded Systems,6.86,2025,Business Analytics Manager
Diploma,Network Security,5.33,2026,Strategic UI/UX Design Lead
B.Tech,UI/UX Design,5.34,2025,Strategic Finance Lead
MBA,Artificial Intelligence,6.46,2025,Operations Asst (Human)
BCA,Data Science,8.27,2024,Data Science Specialist
M.Sc,Customer Success,6.33,2027,Junior IoT Systems Engineer
M.Sc,Full Stack Dev,5.33,2026,Tech Support Full 
BCA,Business Analytics,9.09,2027,Strategic Business Analytics Lead
B.Voc,Project Management,8.95,2024,Strategic Project Management Lead
B.Com,Software Testing,8.87,2024,Senior Software Testing Architect
MBA,Full Stack Dev,6.94,2027,Junior Corporate Law Associate
Diploma,Big Data,9.71,2026,Strategic Project Management Lead
M.Tech,Data Analytics,5.05,2024,Tech Support Data 
B.Voc,Data Analytics,9.76,2024,Cyber Security Specialist
M.E.,Network Security,5.13,2027,Strategic UI/UX Design Lead
B.E.,Project Management,6.79,2026,Data Science Specialist
BCA,Product Management,5.56,2027,Operations Asst (Produ)
M.E.,Artificial Intelligence,6.99,2024,Operations Asst (Human)
BBA,Sales,9.4,2025,Junior Business Analytics Associate
BBA,Cloud Computing,6.35,2026,Junior Finance Associate
B.Com,UI/UX Design,5.84,2024,Strategic Finance Lead
B.Sc,Public Relations,5.37,2024,Digital Marketing Manager
B.A.,Corporate Law,9.05,2024,Tech Support Embed
Diploma,Business Analytics,7.95,2026,Business Analytics Manager
MCA,Supply Chain,5.47,2024,Junior Corporate Law Associate
MBA,Cyber Security,5.12,2027,Tech Support Cyber
M.E.,Network Security,7.5,2025,Junior UI/UX Design Associate
Diploma,Cloud Computing,6.66,2025,Junior Finance Associate
BBA,Human Resources,9.02,2027,Strategic Human Resources Lead
M.Com,Mobile App Dev,7.2,2025,Mobile App Dev Specialist
BBA,Mobile App Dev,9.78,2025,Operations Asst (Opera)
M.Sc,Cloud Computing,5.42,2024,Junior Accounting Associate
B.Tech,Corporate Law,8.36,2024,Full Stack Dev Specialist
BBA,Product Management,8.88,2026,Cyber Security Specialist
B.Sc,Cyber Security,5.28,2026,Tech Support Cyber
MBA,IoT Systems,5.79,2025,Strategic Digital Marketing Lead
Diploma,Cloud Computing,8.69,2024,Strategic Human Resources Lead
M.E.,Operations,5.98,2026,Operations Asst (Opera)
M.E.,Mobile App Dev,9.94,2026,Operations Asst (Opera)
MCA,Project Management,7.82,2024,Data Science Specialist
MBA,Artificial Intelligence,9.36,2024,Senior Artificial Intelligence Architect
B.E.,Big Data,8.1,2025,Big Data Specialist
BBA,Software Testing,6.56,2026,Junior Software Testing Engineer
B.E.,Machine Learning,9.33,2027,Tech Support Block
BCA,UI/UX Design,6.81,2027,Junior UI/UX Design Associate
Diploma,DevOps,8.89,2026,Junior Blockchain Engineer
M.Sc,Full Stack Dev,7.66,2026,Full Stack Dev Specialist
M.Com,Corporate Law,5.09,2025,Strategic Customer Success Lead
M.Tech,Project Management,7.64,2025,Data Science Specialist
M.Sc,Supply Chain,9.99,2027,Senior IoT Systems Architect
M.Sc,Accounting,7.98,2025,Product Management Manager
BBA,Corporate Law,5.72,2027,Strategic Customer Success Lead
M.Com,Cloud Computing,8.0,2024,Strategic Finance Lead
BBA,Sales,5.85,2026,Junior Cyber Security Engineer
B.Com,Network Security,5.71,2025,Strategic UI/UX Design Lead
BCA,Content Strategy,7.22,2026,Content Strategy Manager
B.Sc,Network Security,6.75,2026,Junior Network Security Engineer
MCA,Blockchain,8.54,2027,Senior Blockchain Architect
M.E.,Embedded Systems,6.29,2025,Business Analytics Manager
B.Voc,IoT Systems,5.45,2026,Strategic Digital Marketing Lead
MBA,Sales,5.33,2026,Junior Cyber Security Engineer
B.Tech,Customer Success,9.19,2024,Strategic Customer Success Lead
B.Com,UI/UX Design,7.33,2024,Operations Asst (Custo)
B.E.,Mobile App Dev,5.73,2024,Tech Support Full 
M.Sc,Artificial Intelligence,6.51,2027,Operations Asst (Human)
B.Com,Full Stack Dev,5.73,2025,Tech Support Full 
MBA,Operations,7.75,2027,Strategic Business Analytics Lead
M.Com,Sales,8.97,2024,Junior Business Analytics Associate
MBA,Supply Chain,8.07,2025,Supply Chain Manager
B.Voc,Business Analytics,7.21,2026,Business Analytics Manager
Diploma,Operations,8.94,2027,Strategic Operations Lead
M.Tech,Accounting,8.15,2025,Product Management Manager
B.Sc,Project Management,8.85,2026,Strategic Project Management Lead
M.Com,Operations,6.38,2027,Senior Blockchain Architect
BBA,Cloud Computing,6.91,2027,Junior Finance Associate
M.Com,DevOps,7.03,2025,DevOps Specialist
M.Sc,UI/UX Design,7.78,2026,Operations Asst (Custo)
B.E.,Artificial Intelligence,8.77,2027,Senior Artificial Intelligence Architect
Diploma,Operations,8.78,2026,Strategic Operations Lead
MCA,Product Management,6.76,2024,Senior Data Science Architect
B.Com,Business Analytics,7.83,2027,Business Analytics Manager
B.A.,Finance,5.21,2024,Operations Asst (Proje)
MCA,Digital Marketing,9.05,2024,Strategic Digital Marketing Lead
MBA,Corporate Law,7.88,2027,Full Stack Dev Specialist
B.Com,Full Stack Dev,5.51,2025,Tech Support Full 
B.Voc,Data Science,9.92,2026,Senior Data Science Architect
Diploma,Finance,9.52,2027,Strategic Finance Lead
B.A.,Artificial Intelligence,9.42,2026,Senior Artificial Intelligence Architect
M.Tech,Human Resources,8.28,2026,Senior Artificial Intelligence Architect
B.Com,Artificial Intelligence,7.12,2026,Artificial Intelligence Specialist
MCA,UI/UX Design,7.91,2024,Operations Asst (Custo)
B.Sc,Accounting,7.99,2024,Product Management Manager
M.E.,Mobile App Dev,8.73,2027,Operations Asst (Opera)
MBA,DevOps,6.1,2027,Digital Marketing Manager
BCA,Software Testing,9.19,2024,Senior Software Testing Architect
BCA,Machine Learning,7.75,2026,Content Strategy Manager
B.E.,UI/UX Design,8.1,2025,Operations Asst (Custo)
B.Tech,Content Strategy,6.09,2027,Big Data Specialist
B.Tech,Mobile App Dev,7.02,2025,Mobile App Dev Specialist
MCA,Finance,5.6,2027,Operations Asst (Proje)
BBA,Finance,8.56,2025,Strategic Finance Lead
Diploma,Artificial Intelligence,5.67,2024,Senior Data Science Architect
B.Com,Cyber Security,5.33,2026,Tech Support Cyber
MBA,UI/UX Design,6.15,2026,Junior UI/UX Design Associate
M.Sc,Accounting,5.31,2025,Mobile App Dev Specialist
MBA,Operations,6.25,2024,Senior Blockchain Architect
M.Com,Data Science,5.1,2024,Tech Support Data 
B.Tech,Project Management,8.56,2024,Strategic Project Management Lead
M.Sc,Supply Chain,5.39,2024,Junior Corporate Law Associate
B.Tech,Supply Chain,7.75,2024,Supply Chain Manager
B.Voc,Corporate Law,6.14,2024,Junior Corporate Law Associate
M.Tech,Software Testing,6.75,2027,Junior Software Testing Engineer
B.Sc,Accounting,9.94,2027,Junior Business Analytics Associate
BBA,Blockchain,9.41,2024,Senior Blockchain Architect
Diploma,DevOps,8.01,2027,DevOps Specialist
MCA,Sales,7.69,2026,Junior Big Data Engineer
M.E.,Corporate Law,9.12,2024,Tech Support Embed
BCA,Content Strategy,5.06,2026,Strategic Customer Success Lead
M.Tech,Finance,7.86,2025,Big Data Specialist
M.Sc,Embedded Systems,8.07,2027,Senior Software Testing Architect
M.E.,Cloud Computing,9.26,2024,Strategic Human Resources Lead
B.A.,Software Testing,6.21,2024,Junior Software Testing Engineer
B.A.,Big Data,9.08,2027,Strategic Project Management Lead
MCA,IoT Systems,7.11,2025,Junior Finance Associate
B.Tech,Data Science,7.35,2027,Data Science Specialist
M.Tech,Data Analytics,8.9,2024,Cyber Security Specialist
BBA,Operations,5.92,2024,Operations Asst (Opera)
B.A.,Blockchain,8.92,2024,Senior Blockchain Architect
MCA,Data Science,5.4,2024,Tech Support Data 
M.Sc,Content Strategy,7.5,2024,Content Strategy Manager
B.Tech,Mobile App Dev,8.06,2026,Mobile App Dev Specialist
M.Com,Accounting,9.08,2026,Junior Business Analytics Associate
Diploma,Operations,8.25,2025,Strategic Business Analytics Lead
M.E.,Embedded Systems,8.84,2024,Junior Machine Learning Engineer
Diploma,Content Strategy,5.52,2027,Strategic Customer Success Lead
MCA,Human Resources,7.57,2027,Senior Artificial Intelligence Architect
M.Sc,Blockchain,7.35,2025,Operations Asst (Opera)
B.A.,Finance,9.47,2026,Strategic Finance Lead
B.Tech,Cloud Computing,9.35,2025,Strategic Human Resources Lead
M.Tech,Mobile App Dev,8.1,2027,Mobile App Dev Specialist
B.Tech,DevOps,6.82,2026,Digital Marketing Manager
B.A.,IoT Systems,5.17,2027,Strategic Digital Marketing Lead
BBA,Project Management,6.9,2027,Data Science Specialist
M.Tech,Human Resources,5.56,2026,Operations Asst (Human)
M.Com,Business Analytics,6.29,2024,Junior Business Analytics Associate
M.Tech,Sales,7.02,2025,Junior Big Data Engineer
M.Com,Business Analytics,9.19,2025,Strategic Business Analytics Lead
B.E.,Cloud Computing,5.38,2025,Junior Accounting Associate
M.E.,Machine Learning,9.23,2024,Tech Support Block
B.Tech,IoT Systems,7.76,2027,Junior Finance Associate
MCA,Cyber Security,7.96,2025,Cyber Security Specialist
M.E.,Corporate Law,8.12,2024,Full Stack Dev Specialist
B.Tech,Human Resources,9.03,2024,Strategic Human Resources Lead
M.Tech,Software Testing,6.6,2027,Junior Software Testing Engineer
B.Tech,Accounting,8.27,2025,Product Management Manager
MBA,Human Resources,5.2,2025,Operations Asst (Human)
B.Sc,Customer Success,8.4,2025,Strategic Operations Lead
M.Tech,Software Testing,5.95,2027,Software Testing Specialist
Diploma,Data Science,9.33,2025,Senior Data Science Architect
M.Tech,Data Science,7.48,2027,Data Science Specialist
MBA,Software Testing,6.42,2025,Junior Software Testing Engineer
B.Tech,IoT Systems,6.77,2026,Junior IoT Systems Engineer
MBA,IoT Systems,7.55,2026,Junior Finance Associate
B.A.,Finance,6.67,2027,Junior Finance Associate
B.Sc,Software Testing,6.57,2024,Junior Software Testing Engineer
B.E.,Blockchain,9.93,2025,Senior Blockchain Architect
BCA,Blockchain,6.88,2025,Junior Blockchain Engineer
B.E.,Accounting,5.74,2024,Mobile App Dev Specialist
MCA,Digital Marketing,6.51,2025,Operations Asst (Produ)
B.E.,Operations,5.51,2024,Operations Asst (Opera)
M.Sc,Digital Marketing,7.78,2024,Digital Marketing Manager
M.Tech,Accounting,8.23,2026,Product Management Manager
M.Com,Software Testing,6.11,2027,Junior Software Testing Engineer
BCA,Machine Learning,7.13,2027,Content Strategy Manager
M.E.,Operations,9.21,2026,Strategic Operations Lead
B.Sc,Corporate Law,5.6,2024,Strategic Customer Success Lead
MBA,Supply Chain,8.87,2024,Senior IoT Systems Architect
M.E.,Product Management,5.93,2024,Operations Asst (Produ)
BCA,Cyber Security,8.16,2024,Cyber Security Specialist
B.A.,Machine Learning,9.49,2024,Tech Support Block
B.Voc,Full Stack Dev,7.94,2027,Full Stack Dev Specialist
B.A.,Operations,6.26,2025,Senior Blockchain Architect
BBA,Big Data,9.78,2025,Strategic Project Management Lead
B.Voc,Embedded Systems,7.36,2027,Senior Software Testing Architect
B.Com,Product Management,9.39,2025,Cyber Security Specialist
BCA,Cloud Computing,9.28,2025,Strategic Human Resources Lead
BCA,Product Management,7.65,2024,Product Management Manager
B.Voc,Data Science,5.09,2026,Tech Support Data 
Diploma,Full Stack Dev,7.51,2025,Full Stack Dev Specialist
B.E.,Network Security,5.94,2027,Strategic UI/UX Design Lead
MCA,Artificial Intelligence,8.51,2025,Senior Artificial Intelligence Architect
B.Tech,Finance,6.46,2024,Junior Finance Associate
M.Tech,Supply Chain,5.48,2026,Junior Corporate Law Associate
M.Com,Customer Success,5.8,2026,Operations Asst (Custo)
MBA,Operations,9.94,2025,Strategic Operations Lead
B.Sc,Accounting,9.65,2026,Junior Business Analytics Associate
MCA,Mobile App Dev,7.21,2026,Mobile App Dev Specialist
B.Sc,Corporate Law,8.67,2024,Tech Support Embed
BBA,UI/UX Design,5.93,2025,Strategic Finance Lead
MBA,Content Strategy,5.05,2026,Strategic Customer Success Lead
B.Voc,Accounting,9.53,2025,Junior Business Analytics Associate
MBA,Mobile App Dev,6.85,2026,Artificial Intelligence Specialist
B.Sc,Operations,7.34,2027,Strategic Business Analytics Lead
B.Com,IoT Systems,8.21,2026,Junior Finance Associate
M.E.,Human Resources,6.37,2026,Junior Human Resources Associate
B.Com,Supply Chain,6.35,2027,Strategic Project Management Lead
B.Tech,Public Relations,6.65,2027,Supply Chain Manager
M.Tech,Software Testing,5.49,2024,Software Testing Specialist
MBA,Mobile App Dev,6.68,2025,Artificial Intelligence Specialist
B.A.,Digital Marketing,8.42,2026,Digital Marketing Manager
M.Sc,Machine Learning,6.69,2027,Junior Machine Learning Engineer
B.E.,Embedded Systems,5.92,2026,Tech Support Embed
B.A.,Blockchain,6.74,2027,Junior Blockchain Engineer
MBA,Cloud Computing,6.48,2024,Junior Finance Associate
B.Com,Sales,8.56,2026,Junior Business Analytics Associate
MCA,Business Analytics,8.7,2025,Strategic Business Analytics Lead
B.Com,Product Management,5.87,2025,Operations Asst (Produ)
B.Tech,Big Data,7.89,2027,Big Data Specialist
M.Tech,Embedded Systems,7.4,2026,Senior Software Testing Architect
M.E.,Cyber Security,9.42,2026,Senior Cyber Security Architect
MCA,Digital Marketing,5.91,2024,Senior Cyber Security Architect
M.Sc,Mobile App Dev,6.36,2024,Artificial Intelligence Specialist
B.E.,Operations,6.52,2027,Senior Blockchain Architect
B.E.,Network Security,5.86,2026,Strategic UI/UX Design Lead
BCA,Customer Success,8.49,2026,Strategic Operations Lead
BBA,Big Data,7.97,2027,Big Data Specialist
B.E.,Blockchain,8.01,2025,Operations Asst (Opera)
B.E.,Blockchain,5.75,2027,Tech Support Block
B.E.,Full Stack Dev,8.7,2026,DevOps Specialist
M.Tech,IoT Systems,7.53,2027,Junior Finance Associate
B.Voc,UI/UX Design,6.13,2025,Junior UI/UX Design Associate
MCA,IoT Systems,9.41,2025,Senior IoT Systems Architect
Diploma,Business Analytics,8.76,2026,Strategic Business Analytics Lead
B.Voc,DevOps,5.36,2027,Tech Support Full 
B.Voc,Corporate Law,8.43,2026,Full Stack Dev Specialist
B.E.,Big Data,6.74,2024,Junior Big Data Engineer
BBA,Network Security,8.67,2026,Tech Support Cyber
M.Sc,Big Data,5.77,2024,Tech Support Data 
B.A.,Full Stack Dev,5.75,2026,Tech Support Full 
B.Tech,Product Management,6.92,2024,Senior Data Science Architect
B.E.,IoT Systems,5.15,2027,Strategic Digital Marketing Lead
Diploma,Supply Chain,6.31,2026,Strategic Project Management Lead
B.Tech,Machine Learning,6.19,2026,Junior Machine Learning Engineer
Diploma,Network Security,7.69,2026,Junior UI/UX Design Associate
BBA,Blockchain,8.19,2024,Operations Asst (Opera)
B.A.,Accounting,9.01,2024,Junior Business Analytics Associate
BBA,Mobile App Dev,6.88,2024,Artificial Intelligence Specialist
MBA,Digital Marketing,6.4,2025,Operations Asst (Produ)
M.Sc,Business Analytics,5.72,2026,Strategic Human Resources Lead
B.Com,Cloud Computing,5.68,2024,Junior Accounting Associate
BCA,Embedded Systems,8.18,2025,Senior Software Testing Architect
M.E.,Public Relations,5.93,2024,Digital Marketing Manager
B.A.,Cloud Computing,9.62,2026,Strategic Human Resources Lead
BCA,Data Analytics,5.8,2025,Tech Support Data 
Diploma,Human Resources,9.5,2027,Strategic Human Resources Lead
MCA,Supply Chain,8.5,2025,Senior IoT Systems Architect
M.E.,Digital Marketing,5.03,2025,Senior Cyber Security Architect
M.E.,Content Strategy,8.33,2027,Content Strategy Manager
B.E.,Cyber Security,6.63,2026,Junior Cyber Security Engineer
B.E.,DevOps,8.66,2026,Junior Blockchain Engineer
B.Voc,Blockchain,8.57,2025,Senior Blockchain Architect
BCA,Blockchain,6.4,2026,Junior Blockchain Engineer
B.Sc,UI/UX Design,6.8,2027,Junior UI/UX Design Associate
M.E.,Cyber Security,5.54,2025,Tech Support Cyber
Diploma,Data Analytics,8.98,2026,Cyber Security Specialist
M.E.,Cyber Security,7.31,2025,Cyber Security Specialist
B.E.,Machine Learning,6.13,2027,Junior Machine Learning Engineer
B.A.,Accounting,8.88,2025,Junior Business Analytics Associate
BBA,Cyber Security,6.04,2027,Junior Cyber Security Engineer
BCA,Artificial Intelligence,7.58,2026,Artificial Intelligence Specialist
BCA,Customer Success,7.27,2025,Strategic Operations Lead
B.Tech,Operations,6.93,2026,Senior Blockchain Architect
MBA,Cloud Computing,8.77,2027,Strategic Human Resources Lead
BBA,Supply Chain,8.26,2027,Supply Chain Manager
M.Tech,Full Stack Dev,6.96,2025,Junior Corporate Law Associate
M.Com,Network Security,7.69,2026,Junior UI/UX Design Associate
Diploma,Cyber Security,9.19,2024,Senior Cyber Security Architect
Diploma,Human Resources,8.48,2027,Senior Artificial Intelligence Architect
BBA,Corporate Law,7.89,2026,Full Stack Dev Specialist
M.Com,Data Science,7.77,2025,Data Science Specialist
B.Sc,Big Data,9.0,2026,Strategic Project Management Lead
B.Sc,Machine Learning,7.63,2024,Content Strategy Manager
BCA,Cyber Security,6.06,2026,Junior Cyber Security Engineer
BBA,DevOps,8.16,2024,DevOps Specialist
Diploma,Blockchain,8.62,2027,Senior Blockchain Architect
MBA,Cyber Security,7.19,2024,Cyber Security Specialist
MBA,IoT Systems,7.66,2027,Junior Finance Associate
B.Sc,Data Science,7.0,2027,Data Science Specialist
B.Com,Blockchain,9.3,2027,Senior Blockchain Architect
B.Tech,Full Stack Dev,5.35,2024,Tech Support Full 
Diploma,Big Data,5.25,2025,Tech Support Data 
MCA,Cyber Security,8.62,2024,Senior Cyber Security Architect
MBA,Software Testing,6.2,2027,Junior Software Testing Engineer
Diploma,UI/UX Design,7.43,2025,Operations Asst (Custo)
M.Sc,Cyber Security,5.94,2026,Tech Support Cyber
M.Tech,Corporate Law,5.89,2027,Strategic Customer Success Lead
M.Com,Data Analytics,8.2,2024,Junior Human Resources Associate
B.Com,Data Science,5.19,2024,Tech Support Data 
B.E.,Human Resources,5.05,2027,Operations Asst (Human)
BCA,Supply Chain,7.67,2026,Supply Chain Manager
MBA,Mobile App Dev,8.07,2027,Mobile App Dev Specialist
B.Tech,Project Management,6.36,2026,Data Science Specialist
B.Com,Content Strategy,8.35,2026,Content Strategy Manager
B.A.,Machine Learning,7.41,2026,Content Strategy Manager
M.E.,Data Science,5.05,2026,Tech Support Data 
B.A.,UI/UX Design,5.82,2026,Strategic Finance Lead
B.Tech,Cloud Computing,9.18,2027,Strategic Human Resources Lead
B.Tech,Software Testing,8.68,2026,Senior Software Testing Architect
BCA,Customer Success,7.39,2027,Strategic Operations Lead
BCA,Business Analytics,6.36,2025,Junior Business Analytics Associate
MBA,Artificial Intelligence,9.7,2025,Senior Artificial Intelligence Architect
M.E.,Supply Chain,9.53,2025,Senior IoT Systems Architect
MCA,Cloud Computing,5.61,2024,Junior Accounting Associate
Diploma,Data Analytics,5.73,2027,Tech Support Data 
B.Tech,Blockchain,9.56,2025,Senior Blockchain Architect
B.E.,Embedded Systems,5.23,2024,Tech Support Embed
B.E.,Mobile App Dev,7.08,2024,Mobile App Dev Specialist
B.Tech,Customer Success,9.71,2025,Strategic Customer Success Lead
B.E.,Network Security,7.0,2024,Junior UI/UX Design Associate
M.E.,Cyber Security,7.23,2027,Cyber Security Specialist
B.Voc,Machine Learning,6.67,2027,Junior Machine Learning Engineer
BCA,Business Analytics,5.64,2027,Strategic Human Resources Lead
B.Com,Supply Chain,9.17,2026,Senior IoT Systems Architect
B.A.,Digital Marketing,7.11,2024,Digital Marketing Manager
B.Com,Accounting,7.08,2027,Product Management Manager
M.Tech,Data Analytics,5.38,2024,Tech Support Data 
B.Tech,Supply Chain,9.58,2026,Senior IoT Systems Architect
B.E.,Operations,8.63,2026,Strategic Operations Lead
M.Tech,Embedded Systems,5.09,2027,Tech Support Embed
MBA,Blockchain,7.11,2026,Operations Asst (Opera)
BBA,Supply Chain,7.75,2024,Supply Chain Manager
B.Com,Embedded Systems,5.32,2026,Tech Support Embed
MBA,Full Stack Dev,7.43,2027,Full Stack Dev Specialist
M.Sc,UI/UX Design,7.21,2027,Operations Asst (Custo)
M.Com,Business Analytics,7.76,2027,Business Analytics Manager
B.Voc,Cloud Computing,6.61,2026,Junior Finance Associate
B.A.,Full Stack Dev,5.84,2027,Tech Support Full 
M.Sc,Operations,7.48,2027,Strategic Business Analytics Lead
M.E.,Sales,7.51,2027,Junior Big Data Engineer
MBA,Mobile App Dev,5.54,2026,Tech Support Full 
BCA,Human Resources,5.84,2026,Operations Asst (Human)
B.Sc,Content Strategy,7.85,2025,Content Strategy Manager
B.A.,Artificial Intelligence,6.94,2025,Operations Asst (Human)
M.Tech,Cloud Computing,5.69,2025,Junior Accounting Associate
B.E.,Human Resources,7.95,2027,Senior Artificial Intelligence Architect
M.Com,Cyber Security,9.08,2026,Senior Cyber Security Architect
BBA,Corporate Law,5.86,2024,Strategic Customer Success Lead
B.A.,Content Strategy,5.38,2024,Strategic Customer Success Lead
MCA,Supply Chain,6.11,2026,Strategic Project Management Lead
B.A.,Sales,7.01,2024,Junior Big Data Engineer
M.E.,Business Analytics,5.31,2027,Strategic Human Resources Lead
Diploma,Project Management,7.68,2027,Data Science Specialist
M.E.,Big Data,5.06,2026,Tech Support Data 
B.Sc,Sales,8.38,2025,Junior Big Data Engineer
B.Sc,Cyber Security,6.43,2025,Junior Cyber Security Engineer
BCA,Digital Marketing,8.74,2024,Strategic Digital Marketing Lead
B.Tech,Finance,7.62,2024,Big Data Specialist
MBA,Human Resources,10.0,2026,Strategic Human Resources Lead
B.Sc,Software Testing,8.67,2026,Senior Software Testing Architect
M.E.,Corporate Law,7.76,2026,Full Stack Dev Specialist
B.Voc,Data Analytics,5.93,2026,Tech Support Data 
M.Sc,Data Analytics,9.6,2024,Cyber Security Specialist
M.Sc,IoT Systems,5.05,2025,Strategic Digital Marketing Lead
B.E.,Artificial Intelligence,5.06,2027,Senior Data Science Architect
B.A.,Accounting,7.09,2024,Product Management Manager
MBA,Project Management,5.28,2026,Operations Asst (Proje)
B.Tech,Finance,5.15,2025,Operations Asst (Proje)
B.E.,Human Resources,6.94,2025,Junior Human Resources Associate
B.Voc,UI/UX Design,7.14,2025,Operations Asst (Custo)
M.E.,Machine Learning,8.65,2026,Tech Support Block
M.Sc,Sales,6.04,2027,Artificial Intelligence Specialist
Diploma,Finance,6.31,2025,Junior Finance Associate
M.E.,Full Stack Dev,6.16,2027,Junior Corporate Law Associate
B.Tech,Embedded Systems,5.84,2025,Tech Support Embed
M.Com,IoT Systems,7.72,2027,Junior Finance Associate
Diploma,Sales,6.27,2027,Artificial Intelligence Specialist
Diploma,Supply Chain,7.18,2024,Supply Chain Manager
BBA,Business Analytics,6.08,2024,Junior Business Analytics Associate
B.Voc,Sales,8.79,2025,Junior Business Analytics Associate
B.A.,Human Resources,6.71,2025,Junior Human Resources Associate
B.Voc,Mobile App Dev,8.61,2024,Operations Asst (Opera)
M.E.,Mobile App Dev,8.1,2027,Mobile App Dev Specialist
B.Voc,DevOps,9.08,2026,Junior Blockchain Engineer
BBA,DevOps,5.52,2025,Tech Support Full 
M.Com,Public Relations,5.5,2024,Digital Marketing Manager
B.A.,Network Security,9.9,2024,Tech Support Cyber
Diploma,Content Strategy,6.66,2024,Big Data Specialist
B.Sc,Product Management,6.63,2026,Senior Data Science Architect
M.Com,Embedded Systems,9.66,2027,Junior Machine Learning Engineer
B.E.,Artificial Intelligence,5.34,2025,Senior Data Science Architect
M.Sc,Mobile App Dev,6.59,2025,Artificial Intelligence Specialist
MBA,UI/UX Design,9.98,2024,Strategic UI/UX Design Lead
M.E.,IoT Systems,5.53,2025,Strategic Digital Marketing Lead
MCA,UI/UX Design,8.56,2027,Strategic UI/UX Design Lead
B.E.,Project Management,8.06,2026,Data Science Specialist
B.A.,Sales,6.89,2026,Artificial Intelligence Specialist
MCA,Public Relations,9.59,2024,Junior Blockchain Engineer
B.E.,Data Science,6.67,2025,Operations Asst (Custo)
M.Sc,Project Management,9.87,2026,Strategic Project Management Lead
M.Tech,Product Management,5.52,2027,Operations Asst (Produ)
BCA,Software Testing,7.41,2025,Software Testing Specialist
Diploma,Human Resources,6.04,2025,Junior Human Resources Associate
B.E.,Operations,7.41,2026,Strategic Business Analytics Lead
M.Tech,Public Relations,6.49,2027,Supply Chain Manager
B.E.,IoT Systems,6.54,2025,Junior IoT Systems Engineer
M.Sc,Network Security,9.52,2024,Tech Support Cyber
B.Voc,Network Security,9.5,2026,Tech Support Cyber
MCA,Public Relations,5.21,2024,Digital Marketing Manager
BCA,IoT Systems,5.35,2024,Strategic Digital Marketing Lead
Diploma,Full Stack Dev,7.31,2026,Full Stack Dev Specialist
B.E.,Sales,6.91,2024,Artificial Intelligence Specialist
M.Com,Project Management,8.96,2025,Strategic Project Management Lead
B.E.,Accounting,6.98,2026,Junior Accounting Associate
M.Com,Blockchain,8.82,2025,Senior Blockchain Architect
MBA,Sales,6.94,2025,Artificial Intelligence Specialist
B.Tech,Embedded Systems,7.04,2027,Senior Software Testing Architect
BCA,Network Security,9.32,2027,Tech Support Cyber
B.Tech,Software Testing,7.97,2026,Software Testing Specialist
B.Com,Data Analytics,5.21,2024,Tech Support Data 
M.E.,Data Science,6.55,2025,Operations Asst (Custo)
Diploma,Content Strategy,6.42,2025,Big Data Specialist
MBA,Content Strategy,9.68,2027,Senior Artificial Intelligence Architect
MCA,Network Security,6.7,2027,Junior Network Security Engineer
M.Tech,Blockchain,5.26,2025,Tech Support Block
M.E.,Full Stack Dev,5.09,2027,Tech Support Full 
B.Sc,UI/UX Design,5.98,2024,Strategic Finance Lead
B.Voc,Public Relations,9.07,2026,Junior Blockchain Engineer
BCA,Embedded Systems,8.88,2024,Junior Machine Learning Engineer
M.Sc,Operations,5.21,2027,Operations Asst (Opera)
B.Sc,Business Analytics,6.43,2025,Junior Business Analytics Associate
B.E.,Big Data,6.67,2027,Junior Big Data Engineer
BBA,Digital Marketing,7.87,2027,Digital Marketing Manager
MBA,Data Analytics,6.64,2025,Operations Asst (Proje)
Diploma,Cloud Computing,7.27,2027,Strategic Finance Lead
BBA,Sales,6.99,2025,Artificial Intelligence Specialist
M.Tech,Customer Success,5.74,2025,Operations Asst (Custo)
BCA,Operations,6.02,2025,Senior Blockchain Architect
BBA,Corporate Law,8.43,2026,Full Stack Dev Specialist
M.Sc,Cloud Computing,6.38,2027,Junior Finance Associate
MCA,DevOps,7.85,2026,DevOps Specialist
B.Voc,Cyber Security,8.5,2024,Senior Cyber Security Architect
B.A.,Digital Marketing,7.21,2026,Digital Marketing Manager
M.E.,Data Science,8.67,2025,Senior Data Science Architect
BBA,Data Science,9.05,2025,Senior Data Science Architect
B.Tech,Supply Chain,8.93,2027,Senior IoT Systems Architect
Diploma,Blockchain,5.31,2027,Tech Support Block
B.E.,Big Data,8.25,2025,Big Data Specialist
B.E.,Content Strategy,7.03,2027,Content Strategy Manager
B.Com,Human Resources,6.14,2025,Junior Human Resources Associate
MCA,Artificial Intelligence,9.58,2025,Senior Artificial Intelligence Architect
M.Com,Sales,5.61,2025,Junior Cyber Security Engineer
B.Com,Customer Success,9.83,2027,Strategic Customer Success Lead
B.Voc,Project Management,9.46,2025,Strategic Project Management Lead
B.Sc,Project Management,5.72,2025,Operations Asst (Proje)
M.Tech,Full Stack Dev,6.47,2025,Junior Corporate Law Associate
BBA,Customer Success,9.22,2026,Strategic Customer Success Lead
MBA,Big Data,5.85,2027,Tech Support Data 
M.Com,Big Data,5.66,2025,Tech Support Data 
BCA,Sales,9.92,2026,Junior Business Analytics Associate
BCA,Data Science,5.22,2024,Tech Support Data 
M.Sc,Public Relations,9.82,2024,Junior Blockchain Engineer
MBA,Full Stack Dev,6.7,2024,Junior Corporate Law Associate
B.Voc,Network Security,8.74,2024,Tech Support Cyber
B.A.,UI/UX Design,6.81,2027,Junior UI/UX Design Associate
B.A.,Supply Chain,9.59,2024,Senior IoT Systems Architect
BBA,Data Science,7.17,2024,Data Science Specialist
BCA,Human Resources,6.86,2024,Junior Human Resources Associate
B.Com,DevOps,5.39,2025,Tech Support Full 
B.Com,Human Resources,5.36,2027,Operations Asst (Human)
Diploma,Business Analytics,8.97,2026,Strategic Business Analytics Lead
B.Voc,IoT Systems,6.21,2024,Junior IoT Systems Engineer
B.A.,Public Relations,7.76,2025,Junior Network Security Engineer
B.Voc,Sales,6.0,2024,Artificial Intelligence Specialist
BCA,Data Science,5.79,2026,Tech Support Data 
M.Tech,Product Management,7.5,2026,Product Management Manager
BBA,Full Stack Dev,6.48,2026,Junior Corporate Law Associate
B.A.,Full Stack Dev,5.16,2026,Tech Support Full 
M.Sc,Mobile App Dev,6.68,2026,Artificial Intelligence Specialist
B.Voc,Data Science,5.8,2024,Tech Support Data 
M.Tech,UI/UX Design,7.06,2025,Operations Asst (Custo)
M.E.,Business Analytics,5.35,2027,Strategic Human Resources Lead
B.Voc,Customer Success,7.42,2025,Strategic Operations Lead
MBA,Corporate Law,7.3,2025,Full Stack Dev Specialist
M.Tech,IoT Systems,5.48,2025,Strategic Digital Marketing Lead
BCA,Mobile App Dev,9.68,2026,Operations Asst (Opera)
B.Com,Cloud Computing,8.46,2026,Strategic Finance Lead
B.Tech,Accounting,8.67,2024,Junior Business Analytics Associate
M.Com,Finance,9.67,2025,Strategic Finance Lead
M.E.,Full Stack Dev,5.93,2027,Tech Support Full 
B.Voc,Project Management,9.54,2026,Strategic Project Management Lead
BCA,Customer Success,6.41,2024,Junior IoT Systems Engineer
B.Voc,Data Science,6.51,2024,Operations Asst (Custo)
M.Sc,Embedded Systems,7.98,2025,Senior Software Testing Architect
B.E.,Cyber Security,9.55,2026,Senior Cyber Security Architect
M.Sc,DevOps,9.42,2025,Junior Blockchain Engineer
MBA,Digital Marketing,6.89,2026,Operations Asst (Produ)
B.Voc,Full Stack Dev,8.65,2026,DevOps Specialist
MBA,Human Resources,5.92,2027,Operations Asst (Human)
B.Sc,Customer Success,8.49,2025,Strategic Operations Lead
B.Com,Artificial Intelligence,7.87,2027,Artificial Intelligence Specialist
B.E.,Digital Marketing,6.06,2027,Operations Asst (Produ)
M.Tech,Sales,9.82,2024,Junior Business Analytics Associate
B.Voc,Data Analytics,8.99,2025,Cyber Security Specialist
MCA,Full Stack Dev,9.52,2027,DevOps Specialist
M.Tech,Content Strategy,5.45,2025,Strategic Customer Success Lead
B.Voc,Full Stack Dev,8.57,2024,DevOps Specialist
M.Sc,Cloud Computing,5.43,2024,Junior Accounting Associate
MBA,IoT Systems,6.65,2025,Junior IoT Systems Engineer
Diploma,Supply Chain,7.09,2024,Supply Chain Manager
B.Sc,Digital Marketing,9.02,2024,Strategic Digital Marketing Lead
M.Sc,Machine Learning,8.93,2026,Tech Support Block
B.Voc,Software Testing,8.77,2025,Senior Software Testing Architect
B.E.,Corporate Law,9.27,2026,Tech Support Embed
MBA,Big Data,9.62,2024,Strategic Project Management Lead
M.Tech,Big Data,9.64,2025,Strategic Project Management Lead
M.Tech,Corporate Law,5.09,2024,Strategic Customer Success Lead
B.Voc,Supply Chain,7.24,2027,Supply Chain Manager
B.Com,Big Data,6.91,2025,Junior Big Data Engineer
M.Tech,Digital Marketing,9.74,2027,Strategic Digital Marketing Lead
MBA,DevOps,7.55,2027,DevOps Specialist
B.Tech,Finance,5.63,2025,Operations Asst (Proje)
M.Sc,Operations,6.96,2025,Senior Blockchain Architect
B.A.,Artificial Intelligence,8.41,2024,Artificial Intelligence Specialist
B.Voc,Sales,9.95,2024,Junior Business Analytics Associate
B.Sc,Artificial Intelligence,5.38,2027,Senior Data Science Architect
B.Sc,Data Analytics,6.8,2027,Operations Asst (Proje)
B.Com,Data Analytics,7.54,2026,Junior Human Resources Associate
B.Com,Data Analytics,9.29,2025,Cyber Security Specialist
MCA,Cyber Security,6.27,2024,Junior Cyber Security Engineer
B.Voc,Corporate Law,6.47,2025,Junior Corporate Law Associate
Diploma,Network Security,9.02,2026,Tech Support Cyber
MBA,Data Science,5.34,2026,Tech Support Data 
B.A.,Content Strategy,6.54,2024,Big Data Specialist
M.Com,Full Stack Dev,5.57,2025,Tech Support Full 
M.E.,IoT Systems,5.61,2027,Strategic Digital Marketing Lead
B.Sc,Data Analytics,7.05,2024,Junior Human Resources Associate
Diploma,Network Security,8.42,2026,Junior UI/UX Design Associate
MCA,Digital Marketing,9.08,2025,Strategic Digital Marketing Lead
B.Com,Blockchain,5.39,2026,Tech Support Block
BBA,Product Management,8.96,2024,Cyber Security Specialist
BBA,Network Security,6.94,2026,Junior Network Security Engineer
MCA,Full Stack Dev,6.12,2026,Junior Corporate Law Associate
B.Voc,Data Analytics,6.49,2024,Operations Asst (Proje)
B.E.,DevOps,8.46,2026,DevOps Specialist
Diploma,Digital Marketing,5.5,2024,Senior Cyber Security Architect
Diploma,Digital Marketing,8.32,2026,Digital Marketing Manager
M.Tech,Digital Marketing,6.63,2024,Operations Asst (Produ)
M.Tech,Network Security,5.81,2027,Strategic UI/UX Design Lead
M.Sc,UI/UX Design,7.01,2025,Operations Asst (Custo)
Diploma,Finance,6.47,2027,Junior Finance Associate
BCA,Project Management,6.53,2026,Data Science Specialist
B.Sc,Blockchain,6.93,2027,Junior Blockchain Engineer
M.Sc,Supply Chain,6.99,2027,Strategic Project Management Lead
B.A.,Operations,6.21,2026,Senior Blockchain Architect
BBA,Business Analytics,7.52,2027,Business Analytics Manager
B.Voc,Machine Learning,9.34,2025,Tech Support Block
M.Tech,Software Testing,6.42,2027,Junior Software Testing Engineer
B.Tech,Project Management,5.45,2025,Operations Asst (Proje)
B.A.,Blockchain,5.52,2026,Tech Support Block
B.A.,Blockchain,6.94,2025,Junior Blockchain Engineer
B.A.,Sales,5.26,2024,Junior Cyber Security Engineer
M.Sc,Project Management,9.35,2024,Strategic Project Management Lead
Diploma,Full Stack Dev,5.54,2025,Tech Support Full 
MBA,Software Testing,5.03,2025,Software Testing Specialist
BCA,Supply Chain,8.12,2026,Supply Chain Manager
B.Tech,Network Security,8.54,2026,Tech Support Cyber
M.E.,Network Security,5.17,2024,Strategic UI/UX Design Lead
B.E.,Embedded Systems,5.39,2024,Tech Support Embed
B.A.,Cyber Security,9.34,2025,Senior Cyber Security Architect
MCA,Human Resources,7.27,2027,Senior Artificial Intelligence Architect
MBA,Blockchain,9.43,2025,Senior Blockchain Architect
B.Com,Digital Marketing,8.54,2025,Strategic Digital Marketing Lead
B.Com,Software Testing,6.61,2024,Junior Software Testing Engineer
MCA,Supply Chain,9.74,2025,Senior IoT Systems Architect
B.Com,Artificial Intelligence,7.81,2026,Artificial Intelligence Specialist
B.E.,Content Strategy,8.31,2025,Content Strategy Manager
B.Tech,Data Analytics,5.52,2026,Tech Support Data 
B.Voc,Cyber Security,8.88,2026,Senior Cyber Security Architect
B.A.,DevOps,9.03,2025,Junior Blockchain Engineer
B.Voc,Full Stack Dev,6.87,2026,Junior Corporate Law Associate
M.Sc,Sales,5.18,2027,Junior Cyber Security Engineer
B.Sc,Corporate Law,7.18,2026,Full Stack Dev Specialist
B.E.,Operations,5.18,2025,Operations Asst (Opera)
MBA,Accounting,8.17,2025,Product Management Manager
MCA,Human Resources,9.91,2025,Strategic Human Resources Lead
B.A.,Customer Success,9.27,2025,Strategic Customer Success Lead
M.Tech,Customer Success,8.59,2026,Strategic Customer Success Lead
B.Tech,Artificial Intelligence,7.65,2027,Artificial Intelligence Specialist
MCA,Blockchain,7.56,2024,Operations Asst (Opera)
Diploma,Operations,6.23,2025,Senior Blockchain Architect
MBA,Public Relations,9.85,2024,Junior Blockchain Engineer
B.E.,UI/UX Design,6.68,2027,Junior UI/UX Design Associate
B.Com,Corporate Law,8.39,2027,Full Stack Dev Specialist
BBA,Big Data,8.56,2025,Strategic Project Management Lead
B.Voc,Finance,6.16,2024,Junior Finance Associate
B.Com,Sales,7.27,2024,Junior Big Data Engineer
M.Tech,UI/UX Design,5.99,2025,Strategic Finance Lead
M.Sc,Sales,8.44,2025,Junior Big Data Engineer
BCA,Project Management,7.21,2027,Data Science Specialist
BCA,Human Resources,6.0,2026,Junior Human Resources Associate
MBA,Supply Chain,5.34,2024,Junior Corporate Law Associate
M.E.,Corporate Law,7.68,2026,Full Stack Dev Specialist
M.Tech,Cyber Security,5.6,2026,Tech Support Cyber
M.Sc,Human Resources,7.28,2025,Senior Artificial Intelligence Architect
B.Sc,Network Security,5.26,2026,Strategic UI/UX Design Lead
B.A.,Machine Learning,5.22,2024,Junior Software Testing Engineer
M.Sc,Project Management,6.12,2027,Data Science Specialist
M.E.,Corporate Law,8.42,2026,Full Stack Dev Specialist
M.Com,Content Strategy,9.61,2025,Senior Artificial Intelligence Architect
MBA,Content Strategy,7.26,2027,Content Strategy Manager
MCA,Data Analytics,6.56,2024,Operations Asst (Proje)
MBA,Embedded Systems,8.58,2027,Junior Machine Learning Engineer
MCA,UI/UX Design,8.02,2027,Operations Asst (Custo)
M.Com,Product Management,9.67,2025,Cyber Security Specialist
Diploma,Data Analytics,9.4,2025,Cyber Security Specialist
B.A.,Full Stack Dev,9.92,2024,DevOps Specialist
M.E.,IoT Systems,9.33,2027,Senior IoT Systems Architect
Diploma,Project Management,6.12,2024,Data Science Specialist
Diploma,Network Security,8.46,2026,Junior UI/UX Design Associate
M.Tech,Software Testing,8.08,2024,Software Testing Specialist
Diploma,Business Analytics,6.93,2026,Junior Business Analytics Associate
M.E.,Cyber Security,7.22,2027,Cyber Security Specialist
BCA,Cyber Security,8.74,2027,Senior Cyber Security Architect
Diploma,IoT Systems,9.32,2027,Senior IoT Systems Architect
MCA,Mobile App Dev,5.87,2024,Tech Support Full 
B.E.,Business Analytics,9.39,2025,Strategic Business Analytics Lead
B.Com,Product Management,5.51,2027,Operations Asst (Produ)
MBA,Network Security,7.72,2025,Junior UI/UX Design Associate
MCA,Software Testing,9.44,2024,Senior Software Testing Architect
B.A.,Sales,8.71,2027,Junior Business Analytics Associate
M.Com,Public Relations,6.66,2024,Supply Chain Manager
BBA,Cloud Computing,7.02,2027,Strategic Finance Lead
B.Sc,UI/UX Design,8.61,2024,Strategic UI/UX Design Lead
B.A.,Finance,6.85,2026,Junior Finance Associate
B.Sc,Finance,9.27,2024,Strategic Finance Lead
B.Voc,UI/UX Design,9.92,2024,Strategic UI/UX Design Lead
MCA,Network Security,5.74,2024,Strategic UI/UX Design Lead
B.Voc,Supply Chain,5.11,2024,Junior Corporate Law Associate
B.Tech,IoT Systems,6.85,2025,Junior IoT Systems Engineer
B.Voc,Machine Learning,6.81,2026,Junior Machine Learning Engineer
BCA,Supply Chain,6.58,2027,Strategic Project Management Lead
Diploma,Data Science,7.68,2024,Data Science Specialist
BBA,Data Science,7.65,2024,Data Science Specialist
B.Com,IoT Systems,5.72,2024,Strategic Digital Marketing Lead
M.Com,Cloud Computing,6.3,2027,Junior Finance Associate
Diploma,Cyber Security,7.2,2027,Cyber Security Specialist
MCA,Accounting,9.37,2026,Junior Business Analytics Associate
BBA,Sales,5.14,2027,Junior Cyber Security Engineer
B.Com,Product Management,7.97,2024,Product Management Manager
B.A.,Business Analytics,9.52,2026,Strategic Business Analytics Lead
M.Com,Human Resources,5.85,2024,Operations Asst (Human)
B.Sc,DevOps,9.49,2024,Junior Blockchain Engineer
M.Tech,Big Data,8.21,2027,Big Data Specialist
MCA,Full Stack Dev,7.38,2026,Full Stack Dev Specialist
MCA,Supply Chain,7.56,2024,Supply Chain Manager
MBA,Digital Marketing,9.21,2027,Strategic Digital Marketing Lead
Diploma,Corporate Law,8.07,2026,Full Stack Dev Specialist
B.Com,Public Relations,8.57,2024,Junior Blockchain Engineer
MBA,IoT Systems,9.24,2027,Senior IoT Systems Architect
Diploma,UI/UX Design,9.02,2027,Strategic UI/UX Design Lead
BBA,Big Data,9.57,2024,Strategic Project Management Lead
BBA,UI/UX Design,8.77,2027,Strategic UI/UX Design Lead
M.Com,Cyber Security,8.56,2025,Senior Cyber Security Architect
B.Sc,Public Relations,9.51,2025,Junior Blockchain Engineer
M.E.,Business Analytics,9.17,2027,Strategic Business Analytics Lead
M.Sc,Operations,8.9,2026,Strategic Operations Lead
MCA,Blockchain,6.35,2024,Junior Blockchain Engineer
Diploma,Corporate Law,5.61,2024,Strategic Customer Success Lead
B.E.,Cloud Computing,7.15,2024,Strategic Finance Lead
M.Com,Embedded Systems,9.12,2026,Junior Machine Learning Engineer
B.A.,UI/UX Design,9.15,2027,Strategic UI/UX Design Lead
B.Sc,Corporate Law,9.62,2024,Tech Support Embed
MBA,Human Resources,8.92,2024,Strategic Human Resources Lead
MCA,Accounting,5.94,2025,Mobile App Dev Specialist
B.Tech,Embedded Systems,8.15,2025,Senior Software Testing Architect
M.Sc,Software Testing,9.35,2027,Senior Software Testing Architect
B.Sc,Cloud Computing,7.14,2027,Strategic Finance Lead
B.Com,Machine Learning,6.17,2024,Junior Machine Learning Engineer
B.Com,Data Science,6.67,2024,Operations Asst (Custo)
B.E.,Artificial Intelligence,8.17,2027,Artificial Intelligence Specialist
Diploma,Corporate Law,5.18,2027,Strategic Customer Success Lead
B.Voc,Machine Learning,8.01,2027,Content Strategy Manager
B.A.,DevOps,7.46,2025,DevOps Specialist
MCA,Big Data,9.5,2025,Strategic Project Management Lead
BCA,DevOps,7.99,2026,DevOps Specialist
B.Sc,Finance,7.14,2027,Big Data Specialist
M.Tech,Product Management,6.78,2027,Senior Data Science Architect
M.Tech,Content Strategy,9.23,2024,Senior Artificial Intelligence Architect
B.Tech,Business Analytics,8.23,2027,Business Analytics Manager
B.A.,IoT Systems,8.72,2025,Senior IoT Systems Architect
M.Sc,Network Security,8.26,2024,Junior UI/UX Design Associate
BBA,Public Relations,8.82,2026,Junior Blockchain Engineer
Diploma,Public Relations,9.96,2024,Junior Blockchain Engineer
B.Sc,Cyber Security,7.49,2027,Cyber Security Specialist
B.E.,Software Testing,8.68,2024,Senior Software Testing Architect
MBA,Supply Chain,6.91,2026,Strategic Project Management Lead
B.Voc,Customer Success,9.92,2027,Strategic Customer Success Lead
B.A.,Big Data,6.16,2025,Junior Big Data Engineer
M.Com,Embedded Systems,9.93,2026,Junior Machine Learning Engineer
B.Tech,Mobile App Dev,8.52,2024,Operations Asst (Opera)
BCA,Software Testing,9.65,2026,Senior Software Testing Architect
B.Tech,Project Management,7.79,2027,Data Science Specialist
M.Com,Mobile App Dev,8.75,2024,Operations Asst (Opera)
B.E.,Mobile App Dev,5.16,2024,Tech Support Full 
B.E.,Blockchain,6.68,2024,Junior Blockchain Engineer
B.A.,Supply Chain,9.02,2025,Senior IoT Systems Architect
M.Com,Data Science,6.78,2024,Operations Asst (Custo)
B.Sc,Digital Marketing,8.11,2027,Digital Marketing Manager
MCA,Machine Learning,5.82,2026,Junior Software Testing Engineer
B.Sc,Data Science,8.7,2027,Senior Data Science Architect
M.Tech,Corporate Law,5.07,2025,Strategic Customer Success Lead
M.E.,Operations,6.54,2025,Senior Blockchain Architect
B.A.,Embedded Systems,6.31,2024,Business Analytics Manager
BBA,Mobile App Dev,5.52,2026,Tech Support Full 
M.Tech,Customer Success,5.61,2027,Operations Asst (Custo)
Diploma,Network Security,7.76,2024,Junior UI/UX Design Associate
BCA,Sales,7.27,2025,Junior Big Data Engineer
B.Sc,Cyber Security,9.27,2027,Senior Cyber Security Architect
MBA,Operations,6.17,2026,Senior Blockchain Architect
B.A.,Data Analytics,7.86,2024,Junior Human Resources Associate
MCA,Customer Success,8.17,2024,Strategic Operations Lead
B.Tech,Network Security,5.91,2026,Strategic UI/UX Design Lead
BCA,Public Relations,5.58,2025,Digital Marketing Manager
BBA,Finance,8.23,2025,Big Data Specialist
M.E.,Product Management,6.62,2024,Senior Data Science Architect
BCA,IoT Systems,7.44,2024,Junior Finance Associate
MCA,Big Data,5.32,2026,Tech Support Data 
B.Sc,Data Science,7.92,2025,Data Science Specialist
B.E.,Content Strategy,8.82,2024,Senior Artificial Intelligence Architect
MCA,Finance,8.59,2027,Strategic Finance Lead
M.Tech,Full Stack Dev,8.14,2027,Full Stack Dev Specialist
M.Sc,Accounting,5.4,2025,Mobile App Dev Specialist
BCA,Blockchain,9.69,2024,Senior Blockchain Architect
BCA,Network Security,5.49,2027,Strategic UI/UX Design Lead
B.Voc,Artificial Intelligence,5.61,2027,Senior Data Science Architect
BBA,Cloud Computing,5.42,2027,Junior Accounting Associate
MCA,Finance,6.24,2027,Junior Finance Associate
B.E.,Digital Marketing,7.64,2024,Digital Marketing Manager
M.Com,Project Management,7.34,2026,Data Science Specialist
Diploma,Operations,7.39,2024,Strategic Business Analytics Lead
BBA,Network Security,9.92,2024,Tech Support Cyber
M.Tech,Artificial Intelligence,7.04,2024,Artificial Intelligence Specialist
M.Com,Business Analytics,6.53,2025,Junior Business Analytics Associate
B.Com,Business Analytics,6.1,2024,Junior Business Analytics Associate
M.E.,DevOps,8.32,2027,DevOps Specialist
B.E.,Human Resources,9.34,2024,Strategic Human Resources Lead
M.Tech,Data Science,5.13,2025,Tech Support Data 
B.Voc,Sales,6.61,2027,Artificial Intelligence Specialist
M.E.,Cloud Computing,9.86,2025,Strategic Human Resources Lead
MBA,Customer Success,9.62,2026,Strategic Customer Success Lead
B.Voc,Supply Chain,9.34,2024,Senior IoT Systems Architect
MBA,Cloud Computing,5.48,2025,Junior Accounting Associate
B.E.,Content Strategy,8.51,2024,Senior Artificial Intelligence Architect
MCA,Artificial Intelligence,5.36,2025,Senior Data Science Architect
M.Sc,Data Science,8.35,2026,Data Science Specialist
M.Tech,Operations,7.15,2025,Strategic Business Analytics Lead
M.E.,Cloud Computing,5.31,2026,Junior Accounting Associate
M.Sc,Operations,6.24,2024,Senior Blockchain Architect
B.E.,Digital Marketing,6.41,2027,Operations Asst (Produ)
Diploma,Content Strategy,8.81,2024,Senior Artificial Intelligence Architect
B.Sc,Cloud Computing,7.35,2025,Strategic Finance Lead
BCA,Finance,5.96,2026,Operations Asst (Proje)
B.E.,Corporate Law,9.91,2025,Tech Support Embed
B.Sc,Big Data,8.55,2026,Strategic Project Management Lead
BBA,DevOps,6.26,2025,Digital Marketing Manager
MBA,Blockchain,8.84,2024,Senior Blockchain Architect
B.Tech,UI/UX Design,5.52,2025,Strategic Finance Lead
B.A.,IoT Systems,6.82,2026,Junior IoT Systems Engineer
B.Tech,Embedded Systems,9.74,2024,Junior Machine Learning Engineer
M.Tech,Big Data,7.16,2026,Big Data Specialist
B.Sc,Project Management,6.22,2027,Data Science Specialist
BBA,Cloud Computing,5.05,2027,Junior Accounting Associate
M.E.,Mobile App Dev,5.79,2024,Tech Support Full 
BBA,Accounting,5.44,2024,Mobile App Dev Specialist
B.Sc,Machine Learning,7.43,2026,Content Strategy Manager
B.Voc,Operations,9.7,2026,Strategic Operations Lead
B.Com,UI/UX Design,8.77,2024,Strategic UI/UX Design Lead
M.Com,Network Security,5.86,2027,Strategic UI/UX Design Lead
B.Sc,Data Analytics,9.92,2027,Cyber Security Specialist
B.Sc,Project Management,7.19,2026,Data Science Specialist
B.A.,Blockchain,9.41,2025,Senior Blockchain Architect
BBA,UI/UX Design,6.06,2026,Junior UI/UX Design Associate
BBA,Content Strategy,6.56,2025,Big Data Specialist
B.A.,Network Security,7.26,2027,Junior UI/UX Design Associate
MBA,Content Strategy,6.72,2025,Big Data Specialist
B.Tech,Human Resources,9.87,2026,Strategic Human Resources Lead
B.E.,DevOps,7.79,2027,DevOps Specialist
B.A.,Customer Success,5.2,2024,Operations Asst (Custo)
B.Tech,Full Stack Dev,5.83,2026,Tech Support Full 
M.Com,Product Management,9.04,2024,Cyber Security Specialist
M.E.,Content Strategy,8.54,2025,Senior Artificial Intelligence Architect
MBA,Blockchain,6.66,2025,Junior Blockchain Engineer
B.Com,Operations,9.51,2026,Strategic Operations Lead
B.A.,Public Relations,8.08,2027,Junior Network Security Engineer
B.Tech,Finance,5.38,2027,Operations Asst (Proje)
B.E.,Cloud Computing,8.69,2024,Strategic Human Resources Lead
MBA,Software Testing,8.12,2026,Software Testing Specialist
Diploma,Human Resources,9.69,2027,Strategic Human Resources Lead
B.Voc,Product Management,8.03,2026,Product Management Manager
Diploma,Corporate Law,8.16,2024,Full Stack Dev Specialist
B.Tech,DevOps,5.37,2026,Tech Support Full 
B.E.,Artificial Intelligence,5.54,2024,Senior Data Science Architect
M.E.,Corporate Law,7.83,2027,Full Stack Dev Specialist
B.A.,Software Testing,8.72,2024,Senior Software Testing Architect
M.Tech,Cyber Security,9.88,2024,Senior Cyber Security Architect
B.Tech,Machine Learning,7.56,2025,Content Strategy Manager
MBA,Accounting,9.26,2025,Junior Business Analytics Associate
B.Sc,DevOps,8.65,2026,Junior Blockchain Engineer
M.E.,Finance,5.24,2027,Operations Asst (Proje)
B.E.,IoT Systems,9.31,2025,Senior IoT Systems Architect
M.Tech,Machine Learning,5.3,2027,Junior Software Testing Engineer
MCA,Machine Learning,7.58,2026,Content Strategy Manager
B.Tech,Operations,9.36,2027,Strategic Operations Lead
B.E.,Mobile App Dev,5.01,2026,Tech Support Full 
M.Tech,Embedded Systems,7.9,2025,Senior Software Testing Architect
B.Com,UI/UX Design,7.17,2024,Operations Asst (Custo)
B.Sc,Customer Success,8.57,2026,Strategic Customer Success Lead
Diploma,Content Strategy,9.52,2027,Senior Artificial Intelligence Architect
B.A.,Human Resources,8.85,2027,Strategic Human Resources Lead
B.Sc,Cloud Computing,7.04,2025,Strategic Finance Lead
M.Sc,Full Stack Dev,7.97,2027,Full Stack Dev Specialist
MBA,Public Relations,8.95,2026,Junior Blockchain Engineer
M.Sc,Software Testing,9.21,2026,Senior Software Testing Architect
M.Com,Mobile App Dev,9.71,2027,Operations Asst (Opera)
B.Tech,Public Relations,5.97,2024,Digital Marketing Manager
B.Tech,Data Science,9.68,2024,Senior Data Science Architect
B.Com,Data Analytics,6.59,2025,Operations Asst (Proje)
M.Com,Embedded Systems,9.73,2026,Junior Machine Learning Engineer
M.Tech,Sales,8.23,2024,Junior Big Data Engineer
M.E.,Project Management,6.92,2024,Data Science Specialist
M.Tech,Public Relations,9.88,2024,Junior Blockchain Engineer
M.Tech,Human Resources,8.08,2026,Senior Artificial Intelligence Architect
BBA,Machine Learning,9.03,2027,Tech Support Block
B.Tech,Supply Chain,5.42,2024,Junior Corporate Law Associate
B.Voc,Digital Marketing,9.19,2025,Strategic Digital Marketing Lead
BBA,Software Testing,9.23,2024,Senior Software Testing Architect
M.E.,Customer Success,7.29,2025,Strategic Operations Lead
Diploma,Public Relations,5.44,2025,Digital Marketing Manager
M.Sc,Cloud Computing,8.84,2027,Strategic Human Resources Lead
M.Com,Full Stack Dev,5.83,2026,Tech Support Full 
BCA,Business Analytics,5.91,2024,Strategic Human Resources Lead
MCA,Big Data,6.39,2024,Junior Big Data Engineer
MBA,Project Management,8.2,2025,Data Science Specialist
B.Voc,Customer Success,8.49,2026,Strategic Operations Lead
BBA,Digital Marketing,8.62,2024,Strategic Digital Marketing Lead
M.E.,Operations,9.63,2026,Strategic Operations Lead
B.Com,Project Management,6.85,2024,Data Science Specialist
BBA,Project Management,6.0,2024,Data Science Specialist
B.Voc,Software Testing,7.3,2026,Software Testing Specialist
B.Tech,Data Science,6.45,2024,Operations Asst (Custo)
Diploma,Data Analytics,9.77,2027,Cyber Security Specialist
MCA,Big Data,7.09,2024,Big Data Specialist
B.Tech,Customer Success,5.56,2024,Operations Asst (Custo)
M.Com,Full Stack Dev,5.1,2025,Tech Support Full 
MCA,Data Science,8.22,2025,Data Science Specialist
BCA,Network Security,7.19,2025,Junior UI/UX Design Associate
BCA,Artificial Intelligence,6.48,2024,Operations Asst (Human)
MCA,Cyber Security,7.72,2024,Cyber Security Specialist
M.Tech,Blockchain,5.67,2027,Tech Support Block
MCA,Software Testing,8.29,2025,Software Testing Specialist
M.Sc,Data Analytics,9.68,2027,Cyber Security Specialist
B.Com,Sales,8.94,2027,Junior Business Analytics Associate
B.Tech,Content Strategy,9.82,2026,Senior Artificial Intelligence Architect
B.Sc,Data Science,7.11,2025,Data Science Specialist
BBA,UI/UX Design,9.31,2026,Strategic UI/UX Design Lead
M.Sc,Full Stack Dev,8.61,2027,DevOps Specialist
B.Voc,Finance,9.62,2024,Strategic Finance Lead
B.Com,Cloud Computing,7.63,2026,Strategic Finance Lead
MCA,Accounting,6.49,2027,Junior Accounting Associate
B.Tech,Digital Marketing,9.98,2027,Strategic Digital Marketing Lead
MCA,DevOps,7.61,2026,DevOps Specialist
B.E.,Customer Success,6.81,2025,Junior IoT Systems Engineer
B.Com,Project Management,6.07,2027,Data Science Specialist
B.E.,Network Security,9.59,2025,Tech Support Cyber
B.A.,Embedded Systems,7.89,2025,Senior Software Testing Architect
M.Com,Content Strategy,9.64,2025,Senior Artificial Intelligence Architect
B.E.,Software Testing,9.58,2026,Senior Software Testing Architect
MBA,UI/UX Design,8.91,2026,Strategic UI/UX Design Lead
MCA,Machine Learning,7.5,2024,Content Strategy Manager
B.A.,Cyber Security,7.72,2025,Cyber Security Specialist
B.Tech,Operations,8.74,2024,Strategic Operations Lead
B.E.,Artificial Intelligence,9.96,2027,Senior Artificial Intelligence Architect
MBA,Cyber Security,6.2,2025,Junior Cyber Security Engineer
B.Sc,Data Science,9.14,2024,Senior Data Science Architect
MCA,Data Science,9.69,2024,Senior Data Science Architect
Diploma,Customer Success,8.65,2026,Strategic Customer Success Lead
MCA,Accounting,6.86,2026,Junior Accounting Associate
B.Voc,Cloud Computing,8.26,2025,Strategic Finance Lead
B.Sc,DevOps,7.87,2026,DevOps Specialist
B.Com,Project Management,7.88,2027,Data Science Specialist
B.E.,Machine Learning,7.2,2025,Content Strategy Manager
MCA,Supply Chain,8.15,2025,Supply Chain Manager
B.Voc,Data Analytics,6.15,2026,Operations Asst (Proje)
M.Com,Accounting,7.85,2026,Product Management Manager
B.A.,Embedded Systems,9.79,2025,Junior Machine Learning Engineer
MBA,Public Relations,5.13,2026,Digital Marketing Manager
BCA,Business Analytics,6.21,2024,Junior Business Analytics Associate
M.Sc,UI/UX Design,6.78,2024,Junior UI/UX Design Associate
M.E.,Corporate Law,7.2,2025,Full Stack Dev Specialist
M.Tech,Artificial Intelligence,6.75,2027,Operations Asst (Human)
M.E.,Human Resources,8.78,2024,Strategic Human Resources Lead
M.Tech,Corporate Law,9.7,2025,Tech Support Embed
B.Tech,Accounting,5.03,2024,Mobile App Dev Specialist
B.Sc,Mobile App Dev,8.49,2026,Mobile App Dev Specialist
B.Sc,Embedded Systems,6.82,2025,Business Analytics Manager
B.Com,Full Stack Dev,9.72,2027,DevOps Specialist
Diploma,Operations,5.53,2027,Operations Asst (Opera)
BCA,Business Analytics,7.47,2026,Business Analytics Manager
M.Tech,Big Data,9.4,2026,Strategic Project Management Lead
MCA,Blockchain,9.69,2026,Senior Blockchain Architect
Diploma,Human Resources,9.34,2024,Strategic Human Resources Lead
BBA,Data Analytics,6.98,2025,Operations Asst (Proje)
B.Voc,Embedded Systems,6.18,2027,Business Analytics Manager
Diploma,IoT Systems,9.44,2024,Senior IoT Systems Architect
B.A.,Artificial Intelligence,7.16,2027,Artificial Intelligence Specialist
B.Com,Project Management,8.04,2024,Data Science Specialist
B.Com,Machine Learning,9.93,2024,Tech Support Block
M.Tech,Accounting,9.58,2027,Junior Business Analytics Associate
M.Tech,DevOps,9.56,2025,Junior Blockchain Engineer
MCA,Network Security,10.0,2024,Tech Support Cyber
Diploma,Machine Learning,7.1,2026,Content Strategy Manager
B.E.,Public Relations,8.22,2024,Junior Network Security Engineer
Diploma,Public Relations,8.62,2027,Junior Blockchain Engineer
B.Voc,Network Security,9.93,2026,Tech Support Cyber
B.A.,Business Analytics,6.71,2024,Junior Business Analytics Associate
B.Voc,Corporate Law,8.98,2026,Tech Support Embed
B.Sc,Full Stack Dev,6.23,2027,Junior Corporate Law Associate
B.Voc,Big Data,9.32,2025,Strategic Project Management Lead
BCA,Content Strategy,8.34,2027,Content Strategy Manager
B.E.,UI/UX Design,8.4,2024,Operations Asst (Custo)
BBA,Cyber Security,6.15,2025,Junior Cyber Security Engineer
Diploma,Artificial Intelligence,9.23,2024,Senior Artificial Intelligence Architect
M.E.,DevOps,9.83,2026,Junior Blockchain Engineer
M.Tech,UI/UX Design,6.67,2026,Junior UI/UX Design Associate
B.Tech,Blockchain,6.54,2024,Junior Blockchain Engineer
M.Com,Product Management,8.98,2027,Cyber Security Specialist
Diploma,Full Stack Dev,5.88,2026,Tech Support Full 
M.Com,Product Management,9.16,2027,Cyber Security Specialist
BBA,Blockchain,8.94,2025,Senior Blockchain Architect
BCA,Full Stack Dev,8.18,2026,Full Stack Dev Specialist
M.E.,Business Analytics,9.96,2026,Strategic Business Analytics Lead
Diploma,Sales,8.63,2024,Junior Business Analytics Associate
M.Com,Project Management,8.55,2027,Strategic Project Management Lead
M.Com,Project Management,7.12,2024,Data Science Specialist
M.Sc,Blockchain,7.12,2026,Operations Asst (Opera)
B.Com,Corporate Law,8.52,2024,Tech Support Embed
B.A.,Supply Chain,9.53,2025,Senior IoT Systems Architect
M.E.,Public Relations,8.37,2027,Junior Network Security Engineer
MBA,Human Resources,8.03,2024,Senior Artificial Intelligence Architect
B.E.,DevOps,8.84,2024,Junior Blockchain Engineer
B.Voc,Sales,7.51,2026,Junior Big Data Engineer
B.E.,UI/UX Design,6.13,2024,Junior UI/UX Design Associate
B.Tech,Digital Marketing,6.29,2024,Operations Asst (Produ)
BCA,Human Resources,8.29,2024,Senior Artificial Intelligence Architect
B.Com,Machine Learning,6.39,2025,Junior Machine Learning Engineer
B.Sc,Network Security,6.87,2026,Junior Network Security Engineer
B.Com,IoT Systems,5.56,2025,Strategic Digital Marketing Lead
M.Com,Mobile App Dev,6.01,2024,Artificial Intelligence Specialist
B.Voc,Blockchain,9.24,2025,Senior Blockchain Architect
M.Com,Full Stack Dev,5.16,2024,Tech Support Full 
B.Voc,Accounting,5.54,2024,Mobile App Dev Specialist
B.E.,Sales,5.02,2024,Junior Cyber Security Engineer
Diploma,Accounting,9.84,2025,Junior Business Analytics Associate
MBA,Accounting,5.36,2025,Mobile App Dev Specialist
BCA,Product Management,8.08,2025,Product Management Manager
B.Voc,Sales,6.67,2025,Artificial Intelligence Specialist
M.Tech,Data Science,6.68,2027,Operations Asst (Custo)
MBA,UI/UX Design,6.28,2025,Junior UI/UX Design Associate
M.Tech,Digital Marketing,6.46,2027,Operations Asst (Produ)
BBA,Embedded Systems,8.59,2027,Junior Machine Learning Engineer
BBA,Project Management,9.61,2027,Strategic Project Management Lead
M.E.,Full Stack Dev,7.14,2024,Full Stack Dev Specialist
B.E.,Cloud Computing,5.21,2027,Junior Accounting Associate
B.Tech,Digital Marketing,7.0,2025,Digital Marketing Manager
M.E.,IoT Systems,6.07,2024,Junior IoT Systems Engineer
M.Tech,Supply Chain,5.61,2025,Junior Corporate Law Associate
MBA,UI/UX Design,6.78,2027,Junior UI/UX Design Associate
MBA,Sales,9.36,2027,Junior Business Analytics Associate
M.Tech,Artificial Intelligence,8.05,2026,Artificial Intelligence Specialist
M.Tech,Content Strategy,5.9,2024,Strategic Customer Success Lead
BCA,Product Management,6.52,2027,Senior Data Science Architect
Diploma,Data Science,7.48,2026,Data Science Specialist
Diploma,Project Management,9.98,2025,Strategic Project Management Lead
BCA,Sales,8.47,2024,Junior Big Data Engineer
Diploma,DevOps,8.89,2027,Junior Blockchain Engineer
M.Tech,Machine Learning,7.19,2027,Content Strategy Manager
MCA,Finance,8.77,2024,Strategic Finance Lead
B.Com,Business Analytics,8.18,2027,Business Analytics Manager
M.Sc,Product Management,6.4,2026,Senior Data Science Architect
MCA,Artificial Intelligence,6.85,2027,Operations Asst (Human)
M.Sc,IoT Systems,8.83,2026,Senior IoT Systems Architect
B.E.,Project Management,8.54,2024,Strategic Project Management Lead
Diploma,Human Resources,7.27,2027,Senior Artificial Intelligence Architect
B.Com,Big Data,9.96,2024,Strategic Project Management Lead
B.Tech,Embedded Systems,9.65,2027,Junior Machine Learning Engineer
BCA,Business Analytics,9.93,2025,Strategic Business Analytics Lead
BCA,Product Management,9.37,2026,Cyber Security Specialist
M.Com,Content Strategy,9.61,2025,Senior Artificial Intelligence Architect
BCA,Customer Success,6.54,2027,Junior IoT Systems Engineer
B.Voc,Sales,7.75,2027,Junior Big Data Engineer
B.Sc,Accounting,8.47,2025,Product Management Manager
B.Voc,Data Analytics,6.72,2027,Operations Asst (Proje)
B.E.,Artificial Intelligence,6.99,2025,Operations Asst (Human)
BCA,UI/UX Design,5.84,2027,Strategic Finance Lead
M.Tech,Supply Chain,6.97,2024,Strategic Project Management Lead
B.Voc,DevOps,8.03,2024,DevOps Specialist
B.Sc,DevOps,8.8,2024,Junior Blockchain Engineer
M.E.,Product Management,8.07,2026,Product Management Manager
MCA,UI/UX Design,9.81,2027,Strategic UI/UX Design Lead
B.Sc,Content Strategy,8.56,2026,Senior Artificial Intelligence Architect
B.Tech,Operations,8.64,2027,Strategic Operations Lead
B.E.,Software Testing,8.04,2026,Software Testing Specialist
B.Sc,IoT Systems,6.62,2027,Junior IoT Systems Engineer
B.Sc,Cyber Security,7.36,2025,Cyber Security Specialist
B.E.,UI/UX Design,8.08,2027,Operations Asst (Custo)
Diploma,Customer Success,6.27,2027,Junior IoT Systems Engineer
M.Com,Cloud Computing,6.32,2025,Junior Finance Associate
M.Sc,Big Data,6.73,2024,Junior Big Data Engineer
M.Sc,DevOps,6.69,2027,Digital Marketing Manager
B.A.,Cloud Computing,7.82,2025,Strategic Finance Lead
M.Com,Public Relations,8.69,2025,Junior Blockchain Engineer
B.Sc,Project Management,5.42,2025,Operations Asst (Proje)
MCA,Sales,7.71,2026,Junior Big Data Engineer
BCA,Network Security,5.29,2025,Strategic UI/UX Design Lead
Diploma,Embedded Systems,5.87,2024,Tech Support Embed
B.Tech,Human Resources,9.37,2026,Strategic Human Resources Lead
Diploma,Mobile App Dev,6.6,2027,Artificial Intelligence Specialist
B.Sc,Digital Marketing,7.4,2025,Digital Marketing Manager
B.Sc,Software Testing,5.6,2024,Software Testing Specialist
M.Com,Accounting,9.15,2024,Junior Business Analytics Associate
B.Tech,Business Analytics,6.04,2025,Junior Business Analytics Associate
B.Voc,Supply Chain,9.54,2026,Senior IoT Systems Architect
B.Voc,Corporate Law,6.84,2025,Junior Corporate Law Associate
M.Tech,Customer Success,8.99,2027,Strategic Customer Success Lead
B.Sc,IoT Systems,5.69,2027,Strategic Digital Marketing Lead
B.Voc,Network Security,5.68,2025,Strategic UI/UX Design Lead
B.Voc,IoT Systems,5.13,2027,Strategic Digital Marketing Lead
B.Tech,Mobile App Dev,9.42,2026,Operations Asst (Opera)
B.E.,IoT Systems,9.68,2025,Senior IoT Systems Architect
Diploma,Human Resources,7.63,2027,Senior Artificial Intelligence Architect
Diploma,IoT Systems,5.7,2027,Strategic Digital Marketing Lead
Diploma,Accounting,7.91,2024,Product Management Manager
Diploma,Project Management,9.82,2025,Strategic Project Management Lead
BBA,Big Data,7.07,2025,Big Data Specialist
BCA,Artificial Intelligence,7.56,2027,Artificial Intelligence Specialist
M.Com,Human Resources,6.14,2027,Junior Human Resources Associate
B.E.,Project Management,9.79,2027,Strategic Project Management Lead
BCA,Operations,9.69,2026,Strategic Operations Lead
BBA,Blockchain,9.32,2027,Senior Blockchain Architect
B.Voc,Blockchain,6.73,2026,Junior Blockchain Engineer
MCA,Data Science,9.64,2024,Senior Data Science Architect
B.A.,Blockchain,5.25,2027,Tech Support Block
MCA,Data Science,8.05,2026,Data Science Specialist
BBA,Big Data,8.28,2026,Big Data Specialist
BBA,Network Security,8.95,2025,Tech Support Cyber
MBA,Cyber Security,6.53,2024,Junior Cyber Security Engineer
Diploma,DevOps,7.57,2024,DevOps Specialist
B.Voc,Data Analytics,8.74,2026,Cyber Security Specialist
M.E.,Cyber Security,8.41,2025,Cyber Security Specialist
BBA,Content Strategy,5.74,2025,Strategic Customer Success Lead
M.E.,Finance,9.09,2024,Strategic Finance Lead
B.Sc,Artificial Intelligence,6.32,2025,Operations Asst (Human)
B.A.,Full Stack Dev,9.35,2025,DevOps Specialist
M.Tech,Corporate Law,6.91,2026,Junior Corporate Law Associate
Diploma,Embedded Systems,8.93,2025,Junior Machine Learning Engineer
B.A.,Artificial Intelligence,9.35,2026,Senior Artificial Intelligence Architect
M.Com,Full Stack Dev,9.82,2026,DevOps Specialist
BBA,Supply Chain,7.48,2025,Supply Chain Manager
M.Com,Embedded Systems,7.7,2025,Senior Software Testing Architect
M.E.,Corporate Law,9.18,2027,Tech Support Embed
MCA,Artificial Intelligence,8.34,2025,Artificial Intelligence Specialist
MBA,Data Science,9.1,2025,Senior Data Science Architect
M.E.,Data Analytics,8.75,2027,Cyber Security Specialist
M.Com,Data Science,8.33,2027,Data Science Specialist
M.Sc,IoT Systems,7.84,2024,Junior Finance Associate
M.Com,Software Testing,6.76,2024,Junior Software Testing Engineer
B.Sc,Big Data,6.09,2026,Junior Big Data Engineer
B.E.,Finance,9.19,2027,Strategic Finance Lead
M.E.,DevOps,8.76,2027,Junior Blockchain Engineer
B.Tech,Cyber Security,8.02,2025,Cyber Security Specialist
M.Com,Business Analytics,7.19,2024,Business Analytics Manager
M.Tech,Cloud Computing,9.01,2025,Strategic Human Resources Lead
MCA,Blockchain,7.53,2024,Operations Asst (Opera)
Diploma,Cloud Computing,5.43,2024,Junior Accounting Associate
B.E.,Digital Marketing,6.73,2026,Operations Asst (Produ)
B.E.,Human Resources,7.71,2027,Senior Artificial Intelligence Architect
BCA,Blockchain,5.94,2025,Tech Support Block
B.Sc,Embedded Systems,7.14,2027,Senior Software Testing Architect
MCA,Public Relations,6.95,2026,Supply Chain Manager
BCA,Customer Success,6.59,2024,Junior IoT Systems Engineer
Diploma,Corporate Law,7.77,2027,Full Stack Dev Specialist
MCA,Product Management,9.3,2024,Cyber Security Specialist
MBA,Accounting,6.35,2024,Junior Accounting Associate
MBA,Data Analytics,8.6,2027,Cyber Security Specialist
B.Sc,Sales,5.63,2027,Junior Cyber Security Engineer
B.E.,Big Data,9.29,2026,Strategic Project Management Lead
B.Voc,Corporate Law,8.36,2027,Full Stack Dev Specialist
Diploma,Operations,6.03,2026,Senior Blockchain Architect
B.Sc,DevOps,6.07,2026,Digital Marketing Manager
B.Voc,Customer Success,9.65,2025,Strategic Customer Success Lead
BBA,IoT Systems,9.54,2027,Senior IoT Systems Architect
BBA,Finance,6.47,2025,Junior Finance Associate
B.E.,Public Relations,9.49,2025,Junior Blockchain Engineer
M.Com,DevOps,9.06,2027,Junior Blockchain Engineer
B.Tech,Data Science,5.54,2024,Tech Support Data 
M.Tech,Artificial Intelligence,5.14,2024,Senior Data Science Architect
MCA,Artificial Intelligence,9.47,2026,Senior Artificial Intelligence Architect
B.Voc,Supply Chain,8.53,2024,Senior IoT Systems Architect
M.Sc,Customer Success,7.77,2026,Strategic Operations Lead
M.Tech,Cyber Security,6.24,2025,Junior Cyber Security Engineer
B.A.,Machine Learning,6.98,2024,Junior Machine Learning Engineer
Diploma,Embedded Systems,5.39,2024,Tech Support Embed
BBA,UI/UX Design,5.17,2027,Strategic Finance Lead
B.Voc,Full Stack Dev,8.66,2024,DevOps Specialist
M.Sc,Cloud Computing,9.58,2025,Strategic Human Resources Lead
M.Com,Network Security,6.48,2025,Junior Network Security Engineer
M.E.,Public Relations,7.53,2024,Junior Network Security Engineer
B.A.,Finance,6.07,2027,Junior Finance Associate
B.Tech,Sales,5.12,2026,Junior Cyber Security Engineer
B.E.,Business Analytics,9.08,2027,Strategic Business Analytics Lead
BBA,Cyber Security,5.44,2027,Tech Support Cyber
B.E.,Finance,7.31,2027,Big Data Specialist
B.Voc,Cyber Security,6.59,2026,Junior Cyber Security Engineer
MBA,Software Testing,7.27,2024,Software Testing Specialist
B.Com,Customer Success,6.58,2024,Junior IoT Systems Engineer
B.Tech,Operations,7.71,2026,Strategic Business Analytics Lead
B.Com,Accounting,8.73,2025,Junior Business Analytics Associate
BBA,Artificial Intelligence,5.3,2025,Senior Data Science Architect
M.Tech,Product Management,7.42,2026,Product Management Manager
MBA,Customer Success,5.03,2027,Operations Asst (Custo)
BBA,Machine Learning,5.43,2027,Junior Software Testing Engineer
M.Tech,Data Analytics,7.33,2026,Junior Human Resources Associate
BCA,Operations,7.94,2027,Strategic Business Analytics Lead
B.Com,Mobile App Dev,6.75,2025,Artificial Intelligence Specialist
M.E.,Digital Marketing,9.37,2024,Strategic Digital Marketing Lead
M.Sc,Data Analytics,7.52,2026,Junior Human Resources Associate
B.Sc,Supply Chain,9.47,2027,Senior IoT Systems Architect
B.Sc,Accounting,8.02,2027,Product Management Manager
M.Tech,Digital Marketing,5.23,2026,Senior Cyber Security Architect
B.E.,Business Analytics,7.9,2027,Business Analytics Manager
M.Tech,DevOps,5.58,2024,Tech Support Full 
Diploma,Human Resources,7.31,2027,Senior Artificial Intelligence Architect
M.Com,Corporate Law,5.42,2027,Strategic Customer Success Lead
B.E.,Cloud Computing,6.5,2024,Junior Finance Associate
B.A.,Customer Success,9.44,2027,Strategic Customer Success Lead
B.E.,Operations,8.7,2027,Strategic Operations Lead
Diploma,DevOps,6.55,2025,Digital Marketing Manager
M.Tech,Product Management,7.68,2027,Product Management Manager
MBA,Machine Learning,9.47,2024,Tech Support Block
MCA,Embedded Systems,5.3,2025,Tech Support Embed
MBA,Software Testing,5.37,2027,Software Testing Specialist
M.Com,DevOps,6.61,2027,Digital Marketing Manager
BCA,Supply Chain,8.35,2025,Supply Chain Manager
B.E.,Product Management,8.54,2024,Cyber Security Specialist
B.Com,Product Management,7.1,2026,Product Management Manager
M.Com,Operations,7.06,2025,Strategic Business Analytics Lead
B.E.,Machine Learning,9.83,2026,Tech Support Block
B.E.,Customer Success,8.38,2025,Strategic Operations Lead
Diploma,Customer Success,6.3,2026,Junior IoT Systems Engineer
M.Com,Product Management,8.17,2026,Product Management Manager
B.Tech,Data Science,9.92,2027,Senior Data Science Architect
B.E.,UI/UX Design,9.17,2027,Strategic UI/UX Design Lead
B.Sc,Full Stack Dev,9.92,2027,DevOps Specialist
B.Voc,Full Stack Dev,9.74,2027,DevOps Specialist
MCA,Cloud Computing,8.84,2025,Strategic Human Resources Lead
BBA,Project Management,9.44,2026,Strategic Project Management Lead
B.Voc,Mobile App Dev,7.51,2027,Mobile App Dev Specialist
B.Voc,Operations,5.17,2026,Operations Asst (Opera)
M.Tech,Sales,9.07,2027,Junior Business Analytics Associate
B.Voc,Machine Learning,7.24,2024,Content Strategy Manager
B.A.,Finance,6.12,2026,Junior Finance Associate
BCA,Sales,9.08,2027,Junior Business Analytics Associate
B.Tech,UI/UX Design,6.6,2024,Junior UI/UX Design Associate
MBA,Corporate Law,6.53,2025,Junior Corporate Law Associate
M.E.,DevOps,8.65,2024,Junior Blockchain Engineer
M.Tech,Customer Success,6.25,2026,Junior IoT Systems Engineer
B.Tech,Network Security,6.7,2027,Junior Network Security Engineer
B.Voc,DevOps,8.91,2025,Junior Blockchain Engineer
B.Tech,Blockchain,7.57,2026,Operations Asst (Opera)
Diploma,DevOps,5.77,2026,Tech Support Full 
B.Tech,Finance,8.17,2026,Big Data Specialist
BBA,Full Stack Dev,8.9,2027,DevOps Specialist
BCA,Cyber Security,9.89,2026,Senior Cyber Security Architect
B.Sc,Accounting,8.21,2025,Product Management Manager
B.A.,Full Stack Dev,8.84,2024,DevOps Specialist
M.Sc,Mobile App Dev,7.98,2027,Mobile App Dev Specialist
B.Tech,Big Data,5.67,2027,Tech Support Data 
M.Sc,Digital Marketing,9.9,2026,Strategic Digital Marketing Lead
B.Voc,DevOps,8.44,2025,DevOps Specialist
B.Voc,Accounting,6.07,2025,Junior Accounting Associate
BBA,Product Management,9.08,2027,Cyber Security Specialist
B.Tech,Machine Learning,6.12,2027,Junior Machine Learning Engineer
BCA,Project Management,9.61,2025,Strategic Project Management Lead
BCA,Mobile App Dev,9.6,2027,Operations Asst (Opera)
B.Tech,Project Management,6.56,2027,Data Science Specialist
M.Tech,Cyber Security,8.35,2025,Cyber Security Specialist
M.Sc,Cyber Security,7.78,2027,Cyber Security Specialist
B.Voc,Software Testing,9.42,2026,Senior Software Testing Architect
B.Voc,Machine Learning,7.33,2025,Content Strategy Manager
BBA,Software Testing,7.28,2024,Software Testing Specialist
B.E.,Mobile App Dev,6.93,2026,Artificial Intelligence Specialist
BBA,Business Analytics,9.58,2024,Strategic Business Analytics Lead
B.Tech,Mobile App Dev,9.5,2026,Operations Asst (Opera)
B.Tech,Machine Learning,7.59,2024,Content Strategy Manager
BCA,IoT Systems,8.79,2027,Senior IoT Systems Architect
B.Sc,Software Testing,6.31,2024,Junior Software Testing Engineer
M.Tech,Cloud Computing,8.3,2024,Strategic Finance Lead
B.Com,Artificial Intelligence,7.9,2025,Artificial Intelligence Specialist
B.E.,Supply Chain,6.26,2024,Strategic Project Management Lead
B.Com,Data Analytics,8.11,2027,Junior Human Resources Associate
B.Sc,Customer Success,9.76,2026,Strategic Customer Success Lead
MCA,Project Management,7.37,2024,Data Science Specialist
M.E.,Customer Success,8.09,2026,Strategic Operations Lead
M.Com,Business Analytics,7.2,2027,Business Analytics Manager
M.Sc,Data Science,9.77,2026,Senior Data Science Architect
BBA,Accounting,6.64,2025,Junior Accounting Associate
MCA,Blockchain,7.36,2024,Operations Asst (Opera)
M.Com,Network Security,7.75,2026,Junior UI/UX Design Associate
Diploma,Big Data,5.24,2026,Tech Support Data 
B.Sc,Finance,5.54,2027,Operations Asst (Proje)
MBA,DevOps,9.16,2027,Junior Blockchain Engineer
B.Tech,Content Strategy,8.87,2025,Senior Artificial Intelligence Architect
M.Sc,Digital Marketing,5.24,2024,Senior Cyber Security Architect
BBA,Big Data,9.77,2025,Strategic Project Management Lead
M.Sc,Machine Learning,9.22,2024,Tech Support Block
BBA,Corporate Law,8.26,2025,Full Stack Dev Specialist
M.Com,Data Analytics,5.78,2025,Tech Support Data 
B.A.,Operations,8.13,2025,Strategic Business Analytics Lead
B.Com,Machine Learning,5.86,2026,Junior Software Testing Engineer
B.Voc,Digital Marketing,8.83,2027,Strategic Digital Marketing Lead
BCA,Public Relations,8.46,2025,Junior Network Security Engineer
B.E.,Mobile App Dev,9.44,2025,Operations Asst (Opera)
B.Sc,Embedded Systems,9.68,2024,Junior Machine Learning Engineer
M.Tech,UI/UX Design,7.59,2027,Operations Asst (Custo)
M.Com,Artificial Intelligence,9.47,2027,Senior Artificial Intelligence Architect
B.A.,Human Resources,9.14,2027,Strategic Human Resources Lead
B.E.,DevOps,7.44,2026,DevOps Specialist
MCA,UI/UX Design,9.09,2027,Strategic UI/UX Design Lead
B.Tech,Software Testing,7.87,2026,Software Testing Specialist
B.Sc,Customer Success,7.6,2024,Strategic Operations Lead
MCA,Data Science,8.19,2027,Data Science Specialist
B.A.,Customer Success,8.66,2026,Strategic Customer Success Lead
MCA,Project Management,7.57,2027,Data Science Specialist
B.Com,Accounting,7.92,2025,Product Management Manager
B.A.,Data Analytics,5.47,2025,Tech Support Data 
B.Tech,Product Management,6.4,2026,Senior Data Science Architect
MCA,Accounting,5.17,2027,Mobile App Dev Specialist
MCA,Sales,7.23,2024,Junior Big Data Engineer
M.E.,Data Analytics,6.48,2026,Operations Asst (Proje)
B.Tech,Data Science,9.99,2026,Senior Data Science Architect
M.Tech,IoT Systems,9.03,2025,Senior IoT Systems Architect
B.E.,Data Analytics,5.36,2025,Tech Support Data 
M.Com,Blockchain,6.98,2024,Junior Blockchain Engineer
M.E.,IoT Systems,6.64,2027,Junior IoT Systems Engineer
B.Tech,Full Stack Dev,5.81,2026,Tech Support Full 
M.Tech,Human Resources,6.35,2025,Junior Human Resources Associate
B.E.,Full Stack Dev,5.85,2027,Tech Support Full 
BBA,Operations,5.87,2026,Operations Asst (Opera)
BCA,Product Management,8.31,2027,Product Management Manager
M.Tech,Business Analytics,6.58,2024,Junior Business Analytics Associate
M.Sc,Operations,5.5,2024,Operations Asst (Opera)
MCA,Product Management,8.59,2025,Cyber Security Specialist
BBA,Cyber Security,5.24,2025,Tech Support Cyber
MBA,Digital Marketing,5.31,2027,Senior Cyber Security Architect
BBA,Public Relations,6.55,2024,Supply Chain Manager
B.A.,Product Management,7.7,2027,Product Management Manager
B.Sc,DevOps,8.57,2026,Junior Blockchain Engineer
M.Sc,Cloud Computing,5.77,2027,Junior Accounting Associate
M.Tech,Digital Marketing,5.06,2025,Senior Cyber Security Architect
MCA,Human Resources,6.9,2027,Junior Human Resources Associate
B.Voc,DevOps,6.59,2027,Digital Marketing Manager
M.Com,Human Resources,6.3,2024,Junior Human Resources Associate
B.Sc,Business Analytics,6.4,2027,Junior Business Analytics Associate
BBA,Embedded Systems,7.43,2025,Senior Software Testing Architect
M.Tech,Content Strategy,5.62,2026,Strategic Customer Success Lead
MBA,Cloud Computing,8.33,2026,Strategic Finance Lead
B.Tech,Digital Marketing,8.34,2027,Digital Marketing Manager
M.Com,UI/UX Design,5.61,2025,Strategic Finance Lead
M.E.,Blockchain,7.18,2024,Operations Asst (Opera)
MCA,Public Relations,5.69,2027,Digital Marketing Manager
MCA,Cyber Security,8.25,2026,Cyber Security Specialist
B.E.,Big Data,6.43,2027,Junior Big Data Engineer
B.Sc,Data Analytics,7.34,2024,Junior Human Resources Associate
B.A.,IoT Systems,8.2,2026,Junior Finance Associate
MCA,Product Management,9.43,2024,Cyber Security Specialist
B.E.,UI/UX Design,9.13,2026,Strategic UI/UX Design Lead
BBA,Finance,9.0,2025,Strategic Finance Lead
B.Tech,Sales,9.96,2024,Junior Business Analytics Associate
B.Voc,Project Management,8.94,2026,Strategic Project Management Lead
BCA,Content Strategy,6.47,2026,Big Data Specialist
MBA,Public Relations,7.51,2024,Junior Network Security Engineer
BBA,Business Analytics,5.59,2027,Strategic Human Resources Lead
B.A.,Blockchain,7.05,2026,Operations Asst (Opera)
B.Voc,Operations,8.59,2027,Strategic Operations Lead
B.Voc,Supply Chain,9.31,2026,Senior IoT Systems Architect
MBA,Business Analytics,9.31,2027,Strategic Business Analytics Lead
MBA,Cyber Security,9.33,2026,Senior Cyber Security Architect
M.E.,Big Data,6.87,2027,Junior Big Data Engineer
M.Sc,Customer Success,5.21,2024,Operations Asst (Custo)
B.Tech,Data Science,8.29,2026,Data Science Specialist
MBA,DevOps,5.95,2027,Tech Support Full 
B.A.,UI/UX Design,5.24,2025,Strategic Finance Lead
BCA,Big Data,9.37,2026,Strategic Project Management Lead
M.Com,Software Testing,6.44,2026,Junior Software Testing Engineer
B.A.,Operations,9.27,2026,Strategic Operations Lead
M.Com,Cloud Computing,8.71,2026,Strategic Human Resources Lead
BCA,Machine Learning,9.89,2026,Tech Support Block
B.Sc,Embedded Systems,8.73,2027,Junior Machine Learning Engineer
M.Sc,Digital Marketing,6.86,2027,Operations Asst (Produ)
B.A.,Accounting,5.91,2026,Mobile App Dev Specialist
M.Sc,Operations,9.68,2025,Strategic Operations Lead
M.Sc,Corporate Law,6.91,2024,Junior Corporate Law Associate
MBA,Digital Marketing,6.94,2027,Operations Asst (Produ)
M.Sc,Cyber Security,6.68,2026,Junior Cyber Security Engineer
MBA,Full Stack Dev,8.21,2024,Full Stack Dev Specialist
B.E.,Machine Learning,8.11,2025,Content Strategy Manager
B.A.,Network Security,7.4,2025,Junior UI/UX Design Associate
B.Voc,Embedded Systems,7.86,2027,Senior Software Testing Architect
B.Com,Operations,8.93,2026,Strategic Operations Lead
MBA,IoT Systems,6.86,2026,Junior IoT Systems Engineer
M.E.,Sales,5.47,2027,Junior Cyber Security Engineer
M.Tech,Mobile App Dev,9.33,2025,Operations Asst (Opera)
B.E.,IoT Systems,8.45,2024,Junior Finance Associate
B.Voc,Embedded Systems,9.52,2025,Junior Machine Learning Engineer
Diploma,DevOps,8.21,2024,DevOps Specialist
Diploma,Machine Learning,5.43,2025,Junior Software Testing Engineer
B.Tech,Full Stack Dev,8.16,2027,Full Stack Dev Specialist
B.Voc,Data Analytics,5.72,2025,Tech Support Data 
BCA,Operations,5.93,2024,Operations Asst (Opera)
BCA,Blockchain,6.44,2027,Junior Blockchain Engineer
M.E.,Full Stack Dev,7.22,2027,Full Stack Dev Specialist
B.Voc,Artificial Intelligence,9.34,2027,Senior Artificial Intelligence Architect
MCA,Customer Success,8.88,2026,Strategic Customer Success Lead
M.Tech,Accounting,9.99,2024,Junior Business Analytics Associate
B.Tech,Finance,8.21,2027,Big Data Specialist
M.Sc,Human Resources,9.06,2024,Strategic Human Resources Lead
B.Tech,Big Data,6.86,2025,Junior Big Data Engineer
M.Sc,Public Relations,5.55,2024,Digital Marketing Manager
Diploma,Product Management,6.27,2026,Senior Data Science Architect
MCA,UI/UX Design,7.32,2027,Operations Asst (Custo)
B.Sc,Network Security,8.5,2025,Tech Support Cyber
B.Voc,Data Science,9.35,2024,Senior Data Science Architect
M.Sc,Business Analytics,7.06,2025,Business Analytics Manager
Diploma,Accounting,6.65,2024,Junior Accounting Associate
M.Tech,Digital Marketing,6.41,2026,Operations Asst (Produ)
M.Tech,Accounting,6.62,2025,Junior Accounting Associate
B.E.,Software Testing,7.71,2024,Software Testing Specialist
B.A.,Sales,7.21,2024,Junior Big Data Engineer
BBA,Finance,6.11,2026,Junior Finance Associate
Diploma,UI/UX Design,5.41,2024,Strategic Finance Lead
B.Voc,DevOps,6.75,2026,Digital Marketing Manager
MBA,Corporate Law,5.23,2024,Strategic Customer Success Lead
MBA,Network Security,5.33,2027,Strategic UI/UX Design Lead
M.Sc,Digital Marketing,8.92,2027,Strategic Digital Marketing Lead
MCA,Accounting,5.64,2024,Mobile App Dev Specialist
Diploma,Operations,9.29,2026,Strategic Operations Lead
MCA,Artificial Intelligence,5.09,2024,Senior Data Science Architect
M.E.,Business Analytics,6.21,2024,Junior Business Analytics Associate
M.Sc,Artificial Intelligence,9.72,2027,Senior Artificial Intelligence Architect
MBA,Blockchain,7.78,2025,Operations Asst (Opera)
B.E.,Content Strategy,6.67,2027,Big Data Specialist
M.E.,Sales,6.12,2025,Artificial Intelligence Specialist
B.Tech,Corporate Law,5.88,2026,Strategic Customer Success Lead
BCA,UI/UX Design,6.17,2025,Junior UI/UX Design Associate
B.Tech,Digital Marketing,7.29,2024,Digital Marketing Manager
MBA,Cloud Computing,6.1,2025,Junior Finance Associate
Diploma,Customer Success,8.93,2027,Strategic Customer Success Lead
B.E.,Big Data,9.32,2024,Strategic Project Management Lead
B.Voc,Data Science,7.26,2025,Data Science Specialist
BBA,Content Strategy,9.19,2025,Senior Artificial Intelligence Architect
M.Tech,UI/UX Design,7.79,2025,Operations Asst (Custo)
Diploma,Supply Chain,8.72,2025,Senior IoT Systems Architect
B.E.,Data Analytics,9.73,2027,Cyber Security Specialist
B.A.,Embedded Systems,6.3,2024,Business Analytics Manager
MBA,Mobile App Dev,6.49,2026,Artificial Intelligence Specialist
BBA,Operations,7.03,2027,Strategic Business Analytics Lead
B.Com,Blockchain,7.36,2025,Operations Asst (Opera)
M.E.,Public Relations,8.18,2027,Junior Network Security Engineer
M.Com,Customer Success,7.68,2026,Strategic Operations Lead
B.A.,Sales,6.9,2025,Artificial Intelligence Specialist
BBA,Cloud Computing,5.26,2026,Junior Accounting Associate
BCA,Corporate Law,5.63,2024,Strategic Customer Success Lead
M.Sc,Digital Marketing,5.47,2025,Senior Cyber Security Architect
M.E.,DevOps,7.11,2027,DevOps Specialist
BCA,Blockchain,9.81,2024,Senior Blockchain Architect
MBA,Blockchain,6.67,2025,Junior Blockchain Engineer
BBA,DevOps,9.58,2025,Junior Blockchain Engineer
MBA,Business Analytics,7.42,2026,Business Analytics Manager
BBA,Operations,6.96,2025,Senior Blockchain Architect
B.Voc,Project Management,8.98,2026,Strategic Project Management Lead
MBA,Machine Learning,6.81,2025,Junior Machine Learning Engineer
M.E.,Cloud Computing,6.32,2027,Junior Finance Associate
B.A.,Big Data,6.45,2024,Junior Big Data Engineer
M.Tech,IoT Systems,8.7,2027,Senior IoT Systems Architect
BCA,Corporate Law,9.2,2025,Tech Support Embed
B.Voc,Content Strategy,5.51,2027,Strategic Customer Success Lead
Diploma,Cyber Security,8.63,2024,Senior Cyber Security Architect
Diploma,Digital Marketing,8.59,2026,Strategic Digital Marketing Lead
BCA,Finance,6.14,2026,Junior Finance Associate
B.Com,Operations,7.64,2024,Strategic Business Analytics Lead
B.Sc,Content Strategy,8.15,2024,Content Strategy Manager
B.Tech,Cloud Computing,6.99,2026,Junior Finance Associate
B.Sc,Product Management,9.67,2027,Cyber Security Specialist
M.E.,Data Science,9.93,2025,Senior Data Science Architect
B.E.,Data Science,8.91,2024,Senior Data Science Architect
MCA,Digital Marketing,7.79,2024,Digital Marketing Manager
M.Com,Accounting,8.0,2027,Product Management Manager
B.A.,Digital Marketing,6.98,2024,Operations Asst (Produ)
B.Sc,Full Stack Dev,5.32,2025,Tech Support Full 
MCA,Embedded Systems,9.72,2026,Junior Machine Learning Engineer
Diploma,Data Analytics,9.07,2027,Cyber Security Specialist
BCA,Corporate Law,8.28,2027,Full Stack Dev Specialist
M.E.,Sales,5.07,2025,Junior Cyber Security Engineer
Diploma,Artificial Intelligence,6.36,2026,Operations Asst (Human)
B.Voc,Data Science,6.02,2024,Operations Asst (Custo)
B.Tech,Big Data,9.17,2025,Strategic Project Management Lead
Diploma,Sales,9.07,2025,Junior Business Analytics Associate
B.Voc,Digital Marketing,7.89,2026,Digital Marketing Manager
B.E.,Corporate Law,5.92,2024,Strategic Customer Success Lead
M.E.,Full Stack Dev,7.3,2025,Full Stack Dev Specialist
B.A.,Project Management,5.59,2026,Operations Asst (Proje)
MBA,Embedded Systems,8.4,2026,Senior Software Testing Architect
MCA,Cloud Computing,9.81,2024,Strategic Human Resources Lead
B.Com,UI/UX Design,6.51,2026,Junior UI/UX Design Associate
B.Sc,Operations,9.42,2027,Strategic Operations Lead
B.Com,IoT Systems,9.84,2026,Senior IoT Systems Architect
MBA,Machine Learning,7.79,2025,Content Strategy Manager
B.Tech,Product Management,7.02,2027,Product Management Manager
B.Sc,Software Testing,7.76,2026,Software Testing Specialist
M.Com,Supply Chain,9.38,2024,Senior IoT Systems Architect
B.A.,Customer Success,6.12,2024,Junior IoT Systems Engineer
M.Tech,Cyber Security,7.04,2025,Cyber Security Specialist
M.Com,Artificial Intelligence,7.09,2024,Artificial Intelligence Specialist
B.Sc,Big Data,7.61,2026,Big Data Specialist
B.A.,Business Analytics,7.22,2026,Business Analytics Manager
M.E.,Cyber Security,9.96,2026,Senior Cyber Security Architect
MBA,Blockchain,6.71,2026,Junior Blockchain Engineer
B.E.,UI/UX Design,6.76,2024,Junior UI/UX Design Associate
B.E.,Content Strategy,8.24,2027,Content Strategy Manager
M.Sc,IoT Systems,7.61,2025,Junior Finance Associate
M.E.,Public Relations,5.82,2027,Digital Marketing Manager
MCA,Project Management,9.76,2025,Strategic Project Management Lead
MCA,Network Security,5.15,2027,Strategic UI/UX Design Lead
B.A.,Digital Marketing,5.15,2026,Senior Cyber Security Architect
B.E.,UI/UX Design,6.72,2027,Junior UI/UX Design Associate
B.Sc,Business Analytics,5.35,2025,Strategic Human Resources Lead
MCA,Cyber Security,9.59,2027,Senior Cyber Security Architect
M.E.,Corporate Law,8.03,2025,Full Stack Dev Specialist
MCA,Business Analytics,5.34,2024,Strategic Human Resources Lead
M.Sc,Cyber Security,9.65,2027,Senior Cyber Security Architect
B.Tech,Finance,6.44,2025,Junior Finance Associate
B.Tech,UI/UX Design,8.4,2026,Operations Asst (Custo)
M.E.,Public Relations,6.79,2027,Supply Chain Manager
BBA,Artificial Intelligence,6.44,2027,Operations Asst (Human)
B.E.,Software Testing,5.79,2025,Software Testing Specialist
BCA,Sales,8.23,2025,Junior Big Data Engineer
B.Com,Operations,5.78,2027,Operations Asst (Opera)
MBA,Operations,8.44,2025,Strategic Business Analytics Lead
M.Com,Business Analytics,7.57,2027,Business Analytics Manager
MBA,Accounting,9.78,2026,Junior Business Analytics Associate
BCA,Artificial Intelligence,8.79,2027,Senior Artificial Intelligence Architect
BCA,Data Science,9.3,2024,Senior Data Science Architect
M.Sc,Public Relations,5.29,2025,Digital Marketing Manager
MBA,Artificial Intelligence,6.12,2026,Operations Asst (Human)
MBA,Accounting,6.5,2026,Junior Accounting Associate
M.E.,Blockchain,8.74,2024,Senior Blockchain Architect
M.Sc,Sales,6.39,2024,Artificial Intelligence Specialist
B.Voc,Data Analytics,6.08,2025,Operations Asst (Proje)
BBA,Business Analytics,6.99,2024,Junior Business Analytics Associate
BBA,Artificial Intelligence,5.76,2024,Senior Data Science Architect
B.Voc,Full Stack Dev,9.02,2025,DevOps Specialist
Diploma,Customer Success,7.35,2024,Strategic Operations Lead
B.Voc,Data Science,7.22,2027,Data Science Specialist
B.Tech,Cloud Computing,6.82,2024,Junior Finance Associate
MBA,Data Analytics,6.4,2024,Operations Asst (Proje)
M.Tech,Accounting,9.16,2024,Junior Business Analytics Associate
BBA,Mobile App Dev,5.39,2024,Tech Support Full 
BBA,Content Strategy,9.58,2026,Senior Artificial Intelligence Architect
B.Voc,Sales,5.07,2027,Junior Cyber Security Engineer
BBA,UI/UX Design,9.62,2026,Strategic UI/UX Design Lead
MBA,Supply Chain,7.11,2025,Supply Chain Manager
B.Tech,Corporate Law,5.8,2025,Strategic Customer Success Lead
B.Voc,Finance,7.81,2025,Big Data Specialist
M.Sc,Data Analytics,8.4,2027,Junior Human Resources Associate
B.Com,Big Data,9.26,2024,Strategic Project Management Lead
BBA,UI/UX Design,9.59,2025,Strategic UI/UX Design Lead
B.E.,Human Resources,5.57,2027,Operations Asst (Human)
Diploma,Customer Success,7.32,2026,Strategic Operations Lead
MCA,Blockchain,5.43,2026,Tech Support Block
B.A.,Operations,9.23,2027,Strategic Operations Lead
B.A.,Accounting,9.53,2025,Junior Business Analytics Associate
BBA,Data Analytics,9.34,2025,Cyber Security Specialist
M.Com,Accounting,7.83,2024,Product Management Manager
B.Com,UI/UX Design,8.97,2024,Strategic UI/UX Design Lead
MBA,Blockchain,7.15,2027,Operations Asst (Opera)
BBA,Product Management,9.08,2024,Cyber Security Specialist
B.Com,Data Science,9.4,2025,Senior Data Science Architect
M.Sc,Product Management,5.5,2026,Operations Asst (Produ)
B.Sc,UI/UX Design,6.85,2024,Junior UI/UX Design Associate
BBA,Corporate Law,7.68,2027,Full Stack Dev Specialist
MBA,Machine Learning,5.86,2026,Junior Software Testing Engineer
B.A.,Corporate Law,6.11,2027,Junior Corporate Law Associate
M.E.,UI/UX Design,7.32,2027,Operations Asst (Custo)
M.E.,Accounting,5.21,2026,Mobile App Dev Specialist
M.Sc,Network Security,6.84,2027,Junior Network Security Engineer
M.Tech,Human Resources,7.77,2025,Senior Artificial Intelligence Architect
BCA,Operations,7.06,2026,Strategic Business Analytics Lead
Diploma,Project Management,9.86,2026,Strategic Project Management Lead
MBA,Data Science,9.63,2025,Senior Data Science Architect
Diploma,IoT Systems,9.18,2024,Senior IoT Systems Architect
MBA,Supply Chain,6.29,2026,Strategic Project Management Lead
B.Sc,DevOps,9.15,2027,Junior Blockchain Engineer
B.Sc,Cloud Computing,7.88,2025,Strategic Finance Lead
B.Voc,Product Management,9.88,2026,Cyber Security Specialist
M.Sc,Project Management,5.6,2025,Operations Asst (Proje)
MBA,Network Security,6.71,2024,Junior Network Security Engineer
B.Tech,Customer Success,6.81,2025,Junior IoT Systems Engineer
B.Sc,Software Testing,7.47,2026,Software Testing Specialist
M.Sc,Mobile App Dev,5.5,2026,Tech Support Full 
B.Com,Product Management,6.89,2026,Senior Data Science Architect
M.Sc,Big Data,6.94,2027,Junior Big Data Engineer
BBA,Network Security,7.02,2025,Junior UI/UX Design Associate
B.E.,Artificial Intelligence,8.23,2026,Artificial Intelligence Specialist
B.E.,DevOps,7.85,2024,DevOps Specialist
Diploma,Embedded Systems,5.99,2025,Tech Support Embed
M.Tech,Accounting,8.83,2024,Junior Business Analytics Associate
B.Com,Full Stack Dev,6.66,2026,Junior Corporate Law Associate
B.E.,UI/UX Design,6.68,2025,Junior UI/UX Design Associate
B.A.,Data Science,8.84,2024,Senior Data Science Architect
M.E.,Supply Chain,6.05,2027,Strategic Project Management Lead
MCA,Operations,9.88,2026,Strategic Operations Lead
BBA,Network Security,7.79,2025,Junior UI/UX Design Associate
MBA,Customer Success,9.66,2024,Strategic Customer Success Lead
B.E.,Corporate Law,9.16,2025,Tech Support Embed
M.Com,Business Analytics,7.19,2027,Business Analytics Manager
M.E.,DevOps,8.02,2025,DevOps Specialist
B.A.,Operations,6.39,2024,Senior Blockchain Architect
MCA,DevOps,5.28,2025,Tech Support Full 
BCA,Customer Success,5.57,2026,Operations Asst (Custo)
B.E.,Artificial Intelligence,9.21,2026,Senior Artificial Intelligence Architect
Diploma,Data Science,7.23,2027,Data Science Specialist
BBA,Mobile App Dev,6.85,2026,Artificial Intelligence Specialist
B.A.,Data Analytics,8.26,2025,Junior Human Resources Associate
BCA,Artificial Intelligence,8.22,2024,Artificial Intelligence Specialist
M.Sc,Customer Success,8.39,2026,Strategic Operations Lead
Diploma,Customer Success,6.67,2026,Junior IoT Systems Engineer
B.Sc,Machine Learning,6.77,2026,Junior Machine Learning Engineer
MBA,Cloud Computing,7.74,2024,Strategic Finance Lead
BCA,Data Science,7.18,2025,Data Science Specialist
B.Com,Data Analytics,6.15,2026,Operations Asst (Proje)
MBA,Mobile App Dev,6.63,2024,Artificial Intelligence Specialist
M.Sc,Finance,6.5,2026,Junior Finance Associate
MBA,Human Resources,5.27,2026,Operations Asst (Human)
MCA,Content Strategy,7.02,2025,Content Strategy Manager
Diploma,IoT Systems,9.87,2027,Senior IoT Systems Architect
B.Com,Blockchain,9.39,2025,Senior Blockchain Architect
B.Tech,Artificial Intelligence,5.95,2024,Senior Data Science Architect
Diploma,Data Analytics,5.33,2025,Tech Support Data 
M.Com,Accounting,5.26,2025,Mobile App Dev Specialist
B.Voc,Product Management,5.68,2024,Operations Asst (Produ)
M.E.,Mobile App Dev,6.52,2024,Artificial Intelligence Specialist
M.Tech,Artificial Intelligence,5.15,2024,Senior Data Science Architect
M.E.,Sales,9.38,2024,Junior Business Analytics Associate
MBA,Corporate Law,6.34,2024,Junior Corporate Law Associate
M.E.,Accounting,8.9,2027,Junior Business Analytics Associate
B.Sc,Business Analytics,8.44,2026,Business Analytics Manager
B.A.,IoT Systems,7.66,2024,Junior Finance Associate
M.E.,Data Science,9.79,2027,Senior Data Science Architect
M.Com,Digital Marketing,6.91,2027,Operations Asst (Produ)
B.Tech,Blockchain,6.06,2026,Junior Blockchain Engineer
B.Tech,UI/UX Design,9.45,2026,Strategic UI/UX Design Lead
B.Sc,Sales,6.89,2027,Artificial Intelligence Specialist
MBA,Data Analytics,9.3,2026,Cyber Security Specialist
M.Tech,Accounting,5.16,2026,Mobile App Dev Specialist
BCA,Product Management,8.38,2024,Product Management Manager
B.Tech,Artificial Intelligence,7.65,2026,Artificial Intelligence Specialist
M.Sc,Accounting,5.91,2026,Mobile App Dev Specialist
B.A.,Operations,8.45,2027,Strategic Business Analytics Lead
M.E.,Full Stack Dev,8.48,2025,Full Stack Dev Specialist
B.E.,Data Analytics,6.96,2024,Operations Asst (Proje)
M.Com,Operations,8.05,2024,Strategic Business Analytics Lead
B.Tech,Supply Chain,6.47,2024,Strategic Project Management Lead
Diploma,IoT Systems,7.6,2024,Junior Finance Associate
B.Com,Business Analytics,6.03,2025,Junior Business Analytics Associate
M.Com,Artificial Intelligence,7.56,2027,Artificial Intelligence Specialist
B.Voc,Customer Success,8.58,2027,Strategic Customer Success Lead
B.A.,Public Relations,9.06,2027,Junior Blockchain Engineer
M.Sc,Sales,9.34,2024,Junior Business Analytics Associate
B.E.,IoT Systems,6.34,2024,Junior IoT Systems Engineer
B.Com,Accounting,7.72,2024,Product Management Manager
B.Com,DevOps,6.51,2026,Digital Marketing Manager
B.Voc,Machine Learning,8.51,2024,Tech Support Block
M.Com,IoT Systems,8.74,2026,Senior IoT Systems Architect
M.E.,UI/UX Design,7.99,2024,Operations Asst (Custo)
BCA,Digital Marketing,8.33,2025,Digital Marketing Manager
M.E.,Full Stack Dev,7.07,2026,Full Stack Dev Specialist
B.A.,Corporate Law,8.01,2026,Full Stack Dev Specialist
MBA,Artificial Intelligence,7.29,2025,Artificial Intelligence Specialist
MBA,Artificial Intelligence,8.84,2027,Senior Artificial Intelligence Architect
M.Com,Supply Chain,6.06,2026,Strategic Project Management Lead
Diploma,Content Strategy,8.34,2025,Content Strategy Manager
MCA,Cloud Computing,5.54,2024,Junior Accounting Associate
B.Sc,UI/UX Design,6.22,2024,Junior UI/UX Design Associate
B.Voc,Human Resources,8.51,2026,Strategic Human Resources Lead
B.Voc,Mobile App Dev,7.92,2026,Mobile App Dev Specialist
B.A.,Mobile App Dev,9.68,2025,Operations Asst (Opera)
BBA,Product Management,6.62,2024,Senior Data Science Architect
BBA,Data Science,7.81,2026,Data Science Specialist
M.Com,Big Data,6.15,2026,Junior Big Data Engineer
B.A.,Blockchain,5.68,2026,Tech Support Block
B.Voc,Digital Marketing,7.17,2026,Digital Marketing Manager
B.Tech,Finance,9.78,2024,Strategic Finance Lead
Diploma,Business Analytics,7.72,2024,Business Analytics Manager
B.A.,Content Strategy,9.37,2024,Senior Artificial Intelligence Architect
B.Com,Public Relations,9.31,2026,Junior Blockchain Engineer
B.Sc,Artificial Intelligence,7.19,2027,Artificial Intelligence Specialist
BCA,Corporate Law,5.35,2024,Strategic Customer Success Lead
B.Voc,DevOps,8.47,2027,DevOps Specialist
Diploma,Supply Chain,7.28,2024,Supply Chain Manager
M.Sc,Customer Success,7.03,2026,Strategic Operations Lead
M.Com,Business Analytics,7.95,2026,Business Analytics Manager
B.E.,Product Management,7.17,2024,Product Management Manager
B.Com,Digital Marketing,5.05,2024,Senior Cyber Security Architect
B.Voc,Data Analytics,9.08,2024,Cyber Security Specialist
B.Voc,Corporate Law,8.73,2027,Tech Support Embed
B.Voc,Business Analytics,6.33,2026,Junior Business Analytics Associate
MCA,Machine Learning,6.7,2026,Junior Machine Learning Engineer
M.Com,Blockchain,9.19,2027,Senior Blockchain Architect
BBA,Big Data,7.84,2027,Big Data Specialist
B.Tech,Cyber Security,9.7,2027,Senior Cyber Security Architect
B.E.,Data Analytics,7.08,2026,Junior Human Resources Associate
MBA,Corporate Law,6.38,2027,Junior Corporate Law Associate
B.Tech,Supply Chain,7.15,2025,Supply Chain Manager
B.E.,Digital Marketing,9.0,2027,Strategic Digital Marketing Lead
B.Sc,Artificial Intelligence,5.7,2027,Senior Data Science Architect
BBA,Blockchain,8.59,2026,Senior Blockchain Architect
B.A.,Content Strategy,6.39,2024,Big Data Specialist
Diploma,Corporate Law,8.15,2026,Full Stack Dev Specialist
BBA,Supply Chain,8.92,2025,Senior IoT Systems Architect
Diploma,Project Management,8.11,2026,Data Science Specialist
B.E.,Software Testing,7.36,2025,Software Testing Specialist
M.E.,Customer Success,5.19,2025,Operations Asst (Custo)
BBA,UI/UX Design,5.34,2027,Strategic Finance Lead
B.Tech,Data Analytics,9.08,2024,Cyber Security Specialist
Diploma,Cloud Computing,6.05,2025,Junior Finance Associate
B.Tech,Software Testing,6.7,2025,Junior Software Testing Engineer
MCA,Product Management,6.15,2025,Senior Data Science Architect
BCA,Data Science,9.34,2026,Senior Data Science Architect
Diploma,Network Security,9.55,2027,Tech Support Cyber
M.E.,Blockchain,9.46,2025,Senior Blockchain Architect
B.Sc,Corporate Law,8.95,2027,Tech Support Embed
B.E.,Content Strategy,9.28,2027,Senior Artificial Intelligence Architect
B.Voc,Public Relations,6.48,2025,Supply Chain Manager
M.Com,Business Analytics,8.62,2025,Strategic Business Analytics Lead
M.Com,Business Analytics,7.39,2024,Business Analytics Manager
B.Sc,IoT Systems,9.86,2024,Senior IoT Systems Architect
M.E.,Business Analytics,5.07,2027,Strategic Human Resources Lead
M.E.,Data Science,7.33,2026,Data Science Specialist
BCA,Digital Marketing,5.93,2027,Senior Cyber Security Architect
B.Voc,Supply Chain,9.92,2027,Senior IoT Systems Architect
M.Sc,DevOps,9.69,2024,Junior Blockchain Engineer
M.Tech,Content Strategy,8.58,2025,Senior Artificial Intelligence Architect
B.Sc,UI/UX Design,5.22,2024,Strategic Finance Lead
B.E.,Network Security,9.66,2027,Tech Support Cyber
B.Sc,Full Stack Dev,9.95,2026,DevOps Specialist
M.Sc,Network Security,7.0,2025,Junior UI/UX Design Associate
B.Voc,Embedded Systems,5.59,2024,Tech Support Embed
B.Voc,UI/UX Design,5.9,2025,Strategic Finance Lead
B.Com,Project Management,8.77,2026,Strategic Project Management Lead
B.A.,Software Testing,6.13,2024,Junior Software Testing Engineer
MBA,Project Management,6.66,2025,Data Science Specialist
B.Sc,Operations,5.46,2026,Operations Asst (Opera)
MBA,Blockchain,6.61,2024,Junior Blockchain Engineer
B.E.,Corporate Law,9.75,2027,Tech Support Embed
M.Sc,Data Science,5.83,2024,Tech Support Data 
B.Tech,Corporate Law,6.05,2027,Junior Corporate Law Associate
B.E.,Data Science,9.58,2026,Senior Data Science Architect
M.Tech,Data Analytics,6.96,2025,Operations Asst (Proje)
MBA,Blockchain,8.63,2024,Senior Blockchain Architect
M.Sc,Finance,8.84,2026,Strategic Finance Lead
M.E.,Human Resources,7.25,2026,Senior Artificial Intelligence Architect
B.Com,DevOps,8.06,2024,DevOps Specialist
MBA,Accounting,7.05,2027,Product Management Manager
BCA,Finance,8.79,2027,Strategic Finance Lead
B.Voc,Network Security,8.33,2025,Junior UI/UX Design Associate
MCA,Full Stack Dev,9.4,2024,DevOps Specialist
M.Sc,Blockchain,5.16,2025,Tech Support Block
M.Com,Customer Success,8.02,2026,Strategic Operations Lead
M.Com,Sales,9.15,2025,Junior Business Analytics Associate
Diploma,Machine Learning,6.3,2027,Junior Machine Learning Engineer
MBA,IoT Systems,9.37,2025,Senior IoT Systems Architect
M.Sc,Project Management,6.41,2025,Data Science Specialist
B.E.,Product Management,7.04,2027,Product Management Manager
B.Sc,IoT Systems,5.46,2025,Strategic Digital Marketing Lead
BBA,UI/UX Design,7.97,2024,Operations Asst (Custo)
B.Tech,Finance,9.49,2027,Strategic Finance Lead
B.A.,Machine Learning,7.99,2026,Content Strategy Manager
Diploma,Public Relations,7.6,2024,Junior Network Security Engineer
M.Com,Supply Chain,9.96,2026,Senior IoT Systems Architect
M.E.,DevOps,8.92,2024,Junior Blockchain Engineer
MBA,Blockchain,6.95,2027,Junior Blockchain Engineer
M.Com,Product Management,6.38,2027,Senior Data Science Architect
B.E.,Full Stack Dev,8.41,2026,Full Stack Dev Specialist
B.E.,Finance,5.04,2027,Operations Asst (Proje)
MCA,Full Stack Dev,7.86,2027,Full Stack Dev Specialist
M.Tech,Content Strategy,5.2,2025,Strategic Customer Success Lead
M.Com,Customer Success,8.32,2024,Strategic Operations Lead
M.Sc,Embedded Systems,8.77,2025,Junior Machine Learning Engineer
Diploma,Cyber Security,9.21,2024,Senior Cyber Security Architect
M.E.,Business Analytics,9.38,2026,Strategic Business Analytics Lead
M.Com,Finance,5.99,2027,Operations Asst (Proje)
BCA,Corporate Law,6.94,2027,Junior Corporate Law Associate
B.E.,IoT Systems,6.91,2024,Junior IoT Systems Engineer
M.E.,Blockchain,9.15,2027,Senior Blockchain Architect
B.E.,Sales,6.37,2027,Artificial Intelligence Specialist
B.Tech,Software Testing,7.91,2026,Software Testing Specialist
B.Voc,Customer Success,9.82,2027,Strategic Customer Success Lead
BCA,Finance,6.07,2027,Junior Finance Associate
BBA,Data Analytics,7.96,2026,Junior Human Resources Associate
MCA,Network Security,9.17,2027,Tech Support Cyber
B.Sc,Human Resources,9.25,2025,Strategic Human Resources Lead
B.A.,Embedded Systems,9.35,2024,Junior Machine Learning Engineer
M.Tech,Finance,7.31,2024,Big Data Specialist
M.Com,Sales,8.52,2027,Junior Business Analytics Associate
B.Voc,Cyber Security,7.94,2026,Cyber Security Specialist
B.A.,Data Science,8.4,2025,Data Science Specialist
B.Voc,Sales,7.65,2026,Junior Big Data Engineer
MCA,Accounting,5.39,2025,Mobile App Dev Specialist
M.E.,Customer Success,5.44,2025,Operations Asst (Custo)
B.E.,Big Data,5.95,2027,Tech Support Data 
M.Com,Accounting,9.71,2027,Junior Business Analytics Associate
M.Tech,Full Stack Dev,8.11,2024,Full Stack Dev Specialist
M.Sc,Operations,6.07,2026,Senior Blockchain Architect
B.Tech,Product Management,7.22,2027,Product Management Manager
BCA,Operations,6.26,2026,Senior Blockchain Architect
M.Sc,IoT Systems,6.71,2026,Junior IoT Systems Engineer
M.E.,Public Relations,6.95,2024,Supply Chain Manager
M.E.,Blockchain,5.07,2026,Tech Support Block
M.Com,Digital Marketing,5.22,2026,Senior Cyber Security Architect
Diploma,Business Analytics,5.32,2027,Strategic Human Resources Lead
M.E.,Project Management,9.18,2024,Strategic Project Management Lead
M.Com,Digital Marketing,6.52,2026,Operations Asst (Produ)
Diploma,Embedded Systems,9.02,2026,Junior Machine Learning Engineer
BCA,Digital Marketing,5.67,2024,Senior Cyber Security Architect
M.Tech,Network Security,7.69,2026,Junior UI/UX Design Associate
M.Tech,IoT Systems,8.02,2025,Junior Finance Associate
B.Voc,Embedded Systems,7.08,2025,Senior Software Testing Architect
B.Com,Embedded Systems,9.73,2027,Junior Machine Learning Engineer
B.Com,UI/UX Design,5.46,2027,Strategic Finance Lead
B.Com,Business Analytics,6.15,2027,Junior Business Analytics Associate
MCA,UI/UX Design,8.42,2025,Operations Asst (Custo)
B.Voc,Artificial Intelligence,5.23,2027,Senior Data Science Architect
BBA,Data Analytics,8.68,2026,Cyber Security Specialist
BBA,Digital Marketing,7.89,2024,Digital Marketing Manager
M.Tech,Human Resources,8.37,2025,Senior Artificial Intelligence Architect
BBA,Digital Marketing,9.8,2024,Strategic Digital Marketing Lead
M.Tech,Public Relations,9.15,2026,Junior Blockchain Engineer
B.Com,DevOps,6.08,2024,Digital Marketing Manager
MBA,Big Data,7.33,2027,Big Data Specialist
BCA,Big Data,5.73,2025,Tech Support Data 
B.Com,Project Management,8.83,2024,Strategic Project Management Lead
BCA,Business Analytics,7.09,2024,Business Analytics Manager
MCA,Corporate Law,7.75,2027,Full Stack Dev Specialist
B.A.,Finance,7.59,2026,Big Data Specialist
B.Tech,Public Relations,5.19,2027,Digital Marketing Manager
BBA,Digital Marketing,6.5,2024,Operations Asst (Produ)
Diploma,Sales,5.74,2025,Junior Cyber Security Engineer
B.Com,Project Management,5.38,2024,Operations Asst (Proje)
B.Com,Supply Chain,7.09,2025,Supply Chain Manager
MCA,Public Relations,9.88,2025,Junior Blockchain Engineer
BCA,Machine Learning,6.47,2026,Junior Machine Learning Engineer
MBA,IoT Systems,6.9,2027,Junior IoT Systems Engineer
B.Com,UI/UX Design,5.64,2027,Strategic Finance Lead
B.Com,Embedded Systems,9.06,2026,Junior Machine Learning Engineer
BCA,Network Security,5.79,2025,Strategic UI/UX Design Lead
B.Sc,Network Security,5.15,2024,Strategic UI/UX Design Lead
B.Sc,Customer Success,7.72,2024,Strategic Operations Lead
MBA,Full Stack Dev,5.52,2026,Tech Support Full 
M.Tech,Blockchain,7.33,2027,Operations Asst (Opera)
B.Com,Sales,9.03,2027,Junior Business Analytics Associate
M.E.,Network Security,8.73,2024,Tech Support Cyber
B.Tech,Data Analytics,8.61,2025,Cyber Security Specialist
B.Sc,Sales,8.29,2024,Junior Big Data Engineer
M.Tech,Artificial Intelligence,6.01,2026,Operations Asst (Human)
M.Tech,Cloud Computing,8.74,2026,Strategic Human Resources Lead
BCA,Finance,7.11,2024,Big Data Specialist
M.Tech,Supply Chain,8.97,2024,Senior IoT Systems Architect
B.E.,Digital Marketing,5.89,2026,Senior Cyber Security Architect
B.Com,Product Management,7.35,2026,Product Management Manager
MCA,Business Analytics,6.0,2026,Junior Business Analytics Associate
BBA,Customer Success,6.39,2026,Junior IoT Systems Engineer
B.A.,Embedded Systems,9.15,2027,Junior Machine Learning Engineer
B.Voc,Network Security,5.42,2027,Strategic UI/UX Design Lead
MBA,Full Stack Dev,8.83,2026,DevOps Specialist
B.Com,Full Stack Dev,6.12,2027,Junior Corporate Law Associate
B.E.,Content Strategy,5.43,2025,Strategic Customer Success Lead
B.Sc,Supply Chain,5.8,2026,Junior Corporate Law Associate
B.Com,DevOps,5.28,2027,Tech Support Full 
M.E.,Data Analytics,7.64,2024,Junior Human Resources Associate
B.Voc,Content Strategy,6.98,2024,Big Data Specialist
B.Voc,Mobile App Dev,9.89,2025,Operations Asst (Opera)
MCA,Embedded Systems,7.6,2025,Senior Software Testing Architect
BCA,Customer Success,7.1,2024,Strategic Operations Lead
MBA,Sales,8.63,2024,Junior Business Analytics Associate
BCA,Business Analytics,5.01,2025,Strategic Human Resources Lead
B.Sc,Human Resources,7.73,2026,Senior Artificial Intelligence Architect
M.E.,Embedded Systems,9.91,2025,Junior Machine Learning Engineer
M.Tech,Data Science,5.74,2024,Tech Support Data 
BBA,IoT Systems,5.76,2027,Strategic Digital Marketing Lead
BBA,Network Security,9.08,2025,Tech Support Cyber
BCA,Business Analytics,7.18,2025,Business Analytics Manager
MCA,Digital Marketing,6.97,2024,Operations Asst (Produ)
B.Tech,Data Analytics,5.11,2026,Tech Support Data 
BBA,Data Analytics,9.49,2026,Cyber Security Specialist
BCA,Artificial Intelligence,8.62,2027,Senior Artificial Intelligence Architect
B.Voc,Customer Success,9.77,2025,Strategic Customer Success Lead
B.Com,Full Stack Dev,7.05,2024,Full Stack Dev Specialist
MCA,Accounting,8.66,2025,Junior Business Analytics Associate
B.E.,Operations,8.31,2026,Strategic Business Analytics Lead
B.Com,Mobile App Dev,8.51,2027,Operations Asst (Opera)
B.Sc,Project Management,5.04,2025,Operations Asst (Proje)
MBA,Data Science,5.4,2026,Tech Support Data 
B.E.,Machine Learning,5.81,2025,Junior Software Testing Engineer
M.Sc,Business Analytics,8.55,2024,Strategic Business Analytics Lead
M.Sc,Public Relations,9.26,2026,Junior Blockchain Engineer
B.E.,Embedded Systems,5.91,2025,Tech Support Embed
M.Tech,Digital Marketing,9.32,2025,Strategic Digital Marketing Lead
B.Voc,Content Strategy,5.44,2026,Strategic Customer Success Lead
MBA,Machine Learning,9.19,2025,Tech Support Block
M.Sc,Business Analytics,9.3,2027,Strategic Business Analytics Lead
B.E.,IoT Systems,9.3,2025,Senior IoT Systems Architect
BCA,Artificial Intelligence,5.94,2025,Senior Data Science Architect
M.Tech,Public Relations,7.12,2026,Junior Network Security Engineer
M.Tech,Big Data,8.07,2024,Big Data Specialist
MCA,Operations,9.74,2024,Strategic Operations Lead
B.Voc,Project Management,9.27,2026,Strategic Project Management Lead
B.Sc,Machine Learning,5.0,2025,Junior Software Testing Engineer
MBA,Machine Learning,5.13,2027,Junior Software Testing Engineer
Diploma,Full Stack Dev,5.3,2024,Tech Support Full 
M.Sc,Corporate Law,7.48,2024,Full Stack Dev Specialist
B.E.,Machine Learning,9.34,2026,Tech Support Block
B.Com,Sales,8.27,2027,Junior Big Data Engineer
B.E.,Accounting,6.6,2025,Junior Accounting Associate
M.E.,Blockchain,6.66,2024,Junior Blockchain Engineer
M.E.,Cloud Computing,7.59,2027,Strategic Finance Lead
B.Sc,DevOps,9.92,2026,Junior Blockchain Engineer
B.Sc,Data Science,6.78,2025,Operations Asst (Custo)
B.Sc,Operations,5.15,2024,Operations Asst (Opera)
Diploma,Supply Chain,9.54,2024,Senior IoT Systems Architect
B.Tech,Cyber Security,9.05,2024,Senior Cyber Security Architect
Diploma,Supply Chain,9.82,2024,Senior IoT Systems Architect
M.Com,Network Security,5.39,2024,Strategic UI/UX Design Lead
B.A.,Human Resources,5.95,2027,Operations Asst (Human)
B.A.,Operations,5.04,2026,Operations Asst (Opera)
MCA,Project Management,6.67,2027,Data Science Specialist
Diploma,IoT Systems,9.93,2025,Senior IoT Systems Architect
BCA,Sales,6.04,2024,Artificial Intelligence Specialist
B.Voc,Full Stack Dev,7.33,2024,Full Stack Dev Specialist
M.E.,Sales,10.0,2025,Junior Business Analytics Associate
M.E.,Supply Chain,7.56,2027,Supply Chain Manager
M.Com,Full Stack Dev,7.26,2025,Full Stack Dev Specialist
BBA,Data Science,5.3,2026,Tech Support Data 
M.Sc,Customer Success,7.83,2027,Strategic Operations Lead
B.Sc,Content Strategy,8.59,2027,Senior Artificial Intelligence Architect
M.Sc,Network Security,5.17,2025,Strategic UI/UX Design Lead
M.Sc,Operations,9.27,2025,Strategic Operations Lead
M.Com,DevOps,5.97,2025,Tech Support Full 
Diploma,Full Stack Dev,9.04,2027,DevOps Specialist
M.Sc,Supply Chain,8.92,2024,Senior IoT Systems Architect
B.Com,Supply Chain,8.81,2026,Senior IoT Systems Architect
MBA,Digital Marketing,5.9,2026,Senior Cyber Security Architect
M.Tech,Artificial Intelligence,5.28,2025,Senior Data Science Architect
MBA,Operations,7.48,2025,Strategic Business Analytics Lead
B.Com,Product Management,8.07,2024,Product Management Manager
M.Tech,Data Analytics,6.67,2024,Operations Asst (Proje)
Diploma,Customer Success,8.04,2024,Strategic Operations Lead
B.Sc,Finance,8.98,2025,Strategic Finance Lead
MBA,Network Security,6.26,2024,Junior Network Security Engineer
B.Com,UI/UX Design,7.18,2027,Operations Asst (Custo)
M.E.,Digital Marketing,9.78,2025,Strategic Digital Marketing Lead
B.A.,Cloud Computing,5.8,2027,Junior Accounting Associate
MBA,Network Security,6.5,2027,Junior Network Security Engineer
B.Voc,Customer Success,6.65,2025,Junior IoT Systems Engineer
B.A.,Digital Marketing,6.78,2026,Operations Asst (Produ)
B.A.,DevOps,7.47,2027,DevOps Specialist
BBA,Artificial Intelligence,6.64,2027,Operations Asst (Human)
MBA,Product Management,6.59,2025,Senior Data Science Architect
M.E.,Big Data,6.76,2025,Junior Big Data Engineer
B.Com,Embedded Systems,5.97,2027,Tech Support Embed
B.Com,Network Security,6.48,2026,Junior Network Security Engineer
B.A.,Finance,6.89,2026,Junior Finance Associate
B.Sc,Cloud Computing,6.26,2024,Junior Finance Associate
B.E.,Project Management,9.27,2026,Strategic Project Management Lead
MCA,Customer Success,6.68,2027,Junior IoT Systems Engineer
B.A.,Customer Success,5.59,2026,Operations Asst (Custo)
M.Sc,DevOps,7.84,2027,DevOps Specialist
BCA,Machine Learning,5.1,2024,Junior Software Testing Engineer
B.Sc,Corporate Law,5.18,2025,Strategic Customer Success Lead
MCA,Corporate Law,5.73,2024,Strategic Customer Success Lead
M.E.,DevOps,6.71,2027,Digital Marketing Manager
M.Tech,Finance,6.68,2026,Junior Finance Associate
Diploma,Embedded Systems,5.49,2024,Tech Support Embed
B.Tech,Cloud Computing,5.02,2027,Junior Accounting Associate
BCA,Corporate Law,5.55,2025,Strategic Customer Success Lead
B.A.,IoT Systems,5.54,2024,Strategic Digital Marketing Lead
B.Com,Blockchain,9.47,2024,Senior Blockchain Architect
BBA,Data Science,7.99,2024,Data Science Specialist
B.Com,Corporate Law,6.25,2025,Junior Corporate Law Associate
BBA,Data Analytics,5.58,2025,Tech Support Data 
B.A.,Accounting,7.34,2025,Product Management Manager
B.Com,Sales,7.94,2026,Junior Big Data Engineer
B.Tech,Network Security,6.64,2025,Junior Network Security Engineer
Diploma,Network Security,7.01,2024,Junior UI/UX Design Associate
Diploma,Network Security,9.3,2027,Tech Support Cyber
BBA,Machine Learning,5.03,2024,Junior Software Testing Engineer
Diploma,Software Testing,8.59,2024,Senior Software Testing Architect
M.Sc,Cyber Security,5.05,2026,Tech Support Cyber
Diploma,Content Strategy,9.89,2024,Senior Artificial Intelligence Architect
B.Sc,Artificial Intelligence,7.11,2024,Artificial Intelligence Specialist
B.A.,Operations,6.79,2027,Senior Blockchain Architect
Diploma,Embedded Systems,7.35,2024,Senior Software Testing Architect
MBA,UI/UX Design,8.02,2024,Operations Asst (Custo)
M.E.,IoT Systems,9.24,2027,Senior IoT Systems Architect
BCA,Cyber Security,8.14,2027,Cyber Security Specialist
M.Com,Corporate Law,7.69,2024,Full Stack Dev Specialist
MCA,Machine Learning,5.86,2027,Junior Software Testing Engineer
M.Sc,Data Science,5.85,2025,Tech Support Data 
B.Com,IoT Systems,9.84,2027,Senior IoT Systems Architect
B.A.,Machine Learning,8.96,2024,Tech Support Block
Diploma,Operations,6.43,2025,Senior Blockchain Architect
B.Sc,Machine Learning,6.85,2025,Junior Machine Learning Engineer
B.E.,Business Analytics,8.33,2025,Business Analytics Manager
BCA,Operations,8.45,2024,Strategic Business Analytics Lead
BCA,Sales,9.74,2025,Junior Business Analytics Associate
BCA,Big Data,6.48,2025,Junior Big Data Engineer
B.Tech,Machine Learning,6.1,2025,Junior Machine Learning Engineer
BCA,Digital Marketing,7.69,2027,Digital Marketing Manager
B.A.,Software Testing,6.94,2026,Junior Software Testing Engineer
MBA,Network Security,5.28,2026,Strategic UI/UX Design Lead
B.Sc,Data Science,6.23,2024,Operations Asst (Custo)
B.E.,Cloud Computing,9.39,2026,Strategic Human Resources Lead
M.Sc,Embedded Systems,9.92,2024,Junior Machine Learning Engineer
MBA,Business Analytics,8.01,2027,Business Analytics Manager
B.A.,Sales,7.25,2024,Junior Big Data Engineer
MCA,Mobile App Dev,7.19,2026,Mobile App Dev Specialist
B.E.,Full Stack Dev,5.96,2026,Tech Support Full 
B.E.,UI/UX Design,5.99,2024,Strategic Finance Lead
M.Com,Big Data,7.17,2026,Big Data Specialist
M.Com,Full Stack Dev,5.13,2027,Tech Support Full 
MCA,Supply Chain,7.18,2024,Supply Chain Manager
B.Com,Data Analytics,7.34,2027,Junior Human Resources Associate
B.A.,Cyber Security,7.48,2024,Cyber Security Specialist
Diploma,Full Stack Dev,9.34,2026,DevOps Specialist
M.Com,Corporate Law,5.11,2026,Strategic Customer Success Lead
B.Com,Network Security,8.4,2024,Junior UI/UX Design Associate
BCA,Blockchain,5.77,2026,Tech Support Block
B.E.,Network Security,7.65,2027,Junior UI/UX Design Associate
B.E.,DevOps,8.96,2026,Junior Blockchain Engineer
B.Voc,Full Stack Dev,9.72,2026,DevOps Specialist
M.Tech,Digital Marketing,7.8,2024,Digital Marketing Manager
M.E.,Finance,7.11,2025,Big Data Specialist
BCA,Data Analytics,6.07,2025,Operations Asst (Proje)
MBA,Full Stack Dev,6.32,2027,Junior Corporate Law Associate
BBA,Corporate Law,9.48,2025,Tech Support Embed
B.Tech,Supply Chain,9.49,2027,Senior IoT Systems Architect
B.A.,Human Resources,7.15,2025,Senior Artificial Intelligence Architect
M.Com,Data Science,9.26,2027,Senior Data Science Architect
BCA,Operations,8.99,2027,Strategic Operations Lead
Diploma,Supply Chain,8.6,2027,Senior IoT Systems Architect
M.E.,Embedded Systems,7.6,2024,Senior Software Testing Architect
B.Com,Digital Marketing,6.38,2024,Operations Asst (Produ)
M.Com,Network Security,8.88,2025,Tech Support Cyber
MCA,Full Stack Dev,6.11,2026,Junior Corporate Law Associate
B.Tech,Sales,8.07,2025,Junior Big Data Engineer
B.Voc,Network Security,8.32,2024,Junior UI/UX Design Associate
Diploma,Operations,7.09,2027,Strategic Business Analytics Lead
B.A.,Digital Marketing,7.14,2025,Digital Marketing Manager
BBA,Cyber Security,5.68,2025,Tech Support Cyber
B.Sc,Data Analytics,7.44,2025,Junior Human Resources Associate
B.Sc,Machine Learning,6.99,2027,Junior Machine Learning Engineer
B.Sc,Embedded Systems,5.95,2026,Tech Support Embed
B.A.,Supply Chain,5.27,2024,Junior Corporate Law Associate
MBA,Supply Chain,9.81,2026,Senior IoT Systems Architect
M.Tech,Software Testing,6.46,2027,Junior Software Testing Engineer
M.Sc,Big Data,6.89,2024,Junior Big Data Engineer
M.Tech,Embedded Systems,8.52,2027,Junior Machine Learning Engineer
MBA,Data Analytics,7.19,2024,Junior Human Resources Associate
BCA,Cloud Computing,8.45,2026,Strategic Finance Lead
B.Tech,Project Management,9.4,2026,Strategic Project Management Lead
B.E.,Data Analytics,9.38,2024,Cyber Security Specialist
M.Com,Artificial Intelligence,5.43,2027,Senior Data Science Architect
Diploma,Blockchain,6.26,2025,Junior Blockchain Engineer
B.Tech,Software Testing,7.44,2025,Software Testing Specialist
M.Tech,Public Relations,9.43,2025,Junior Blockchain Engineer
B.A.,Artificial Intelligence,6.64,2027,Operations Asst (Human)
B.Tech,Finance,6.92,2024,Junior Finance Associate
M.Tech,Blockchain,5.83,2025,Tech Support Block
M.Sc,Public Relations,5.76,2027,Digital Marketing Manager
B.E.,Network Security,6.31,2027,Junior Network Security Engineer
B.Voc,Big Data,6.94,2026,Junior Big Data Engineer
B.Tech,Human Resources,8.7,2027,Strategic Human Resources Lead
BBA,Artificial Intelligence,6.96,2027,Operations Asst (Human)
Diploma,Operations,7.46,2026,Strategic Business Analytics Lead
Diploma,Corporate Law,7.04,2025,Full Stack Dev Specialist
MBA,Content Strategy,5.75,2026,Strategic Customer Success Lead
BCA,Software Testing,5.29,2026,Software Testing Specialist
BBA,UI/UX Design,7.7,2024,Operations Asst (Custo)
M.Tech,Embedded Systems,8.42,2024,Senior Software Testing Architect
B.A.,Artificial Intelligence,5.88,2025,Senior Data Science Architect
B.A.,Cloud Computing,8.93,2025,Strategic Human Resources Lead
B.E.,Supply Chain,5.42,2026,Junior Corporate Law Associate
M.Sc,Big Data,9.45,2024,Strategic Project Management Lead
M.E.,Corporate Law,5.33,2026,Strategic Customer Success Lead
M.Sc,Embedded Systems,6.13,2025,Business Analytics Manager
B.A.,Artificial Intelligence,8.51,2024,Senior Artificial Intelligence Architect
B.E.,Machine Learning,6.3,2025,Junior Machine Learning Engineer
MBA,Machine Learning,9.21,2024,Tech Support Block
BCA,Sales,7.82,2027,Junior Big Data Engineer
M.Tech,Data Analytics,5.98,2025,Tech Support Data 
B.A.,Project Management,9.01,2026,Strategic Project Management Lead
MCA,Data Science,6.8,2027,Operations Asst (Custo)
BBA,Sales,9.66,2024,Junior Business Analytics Associate
BCA,Digital Marketing,7.5,2027,Digital Marketing Manager
M.Com,Corporate Law,5.92,2027,Strategic Customer Success Lead
MCA,Sales,8.68,2026,Junior Business Analytics Associate
B.E.,Artificial Intelligence,5.88,2025,Senior Data Science Architect
BCA,Cloud Computing,6.68,2027,Junior Finance Associate
B.E.,Data Analytics,6.18,2024,Operations Asst (Proje)
MCA,Blockchain,7.26,2027,Operations Asst (Opera)
BBA,Data Science,9.42,2026,Senior Data Science Architect
B.Com,Accounting,9.81,2025,Junior Business Analytics Associate
B.Tech,Operations,7.11,2026,Strategic Business Analytics Lead
B.Sc,Data Science,6.6,2025,Operations Asst (Custo)
M.Sc,Data Science,7.75,2025,Data Science Specialist
B.Voc,Machine Learning,6.34,2026,Junior Machine Learning Engineer
B.A.,Project Management,5.31,2027,Operations Asst (Proje)
B.E.,Customer Success,5.11,2026,Operations Asst (Custo)
B.Tech,Mobile App Dev,5.03,2026,Tech Support Full 
B.E.,Mobile App Dev,6.88,2024,Artificial Intelligence Specialist
BBA,Artificial Intelligence,9.15,2026,Senior Artificial Intelligence Architect
B.Sc,Blockchain,7.72,2026,Operations Asst (Opera)
M.Tech,Mobile App Dev,5.43,2025,Tech Support Full 
B.Com,Digital Marketing,5.31,2026,Senior Cyber Security Architect
B.Tech,Supply Chain,7.97,2024,Supply Chain Manager
Diploma,Full Stack Dev,8.32,2027,Full Stack Dev Specialist
B.A.,Business Analytics,7.01,2026,Business Analytics Manager
B.E.,Finance,5.9,2025,Operations Asst (Proje)
B.Tech,Data Analytics,9.79,2024,Cyber Security Specialist
MCA,Embedded Systems,5.51,2027,Tech Support Embed
MCA,DevOps,5.45,2025,Tech Support Full 
B.Com,Full Stack Dev,7.8,2024,Full Stack Dev Specialist
B.A.,Public Relations,5.93,2025,Digital Marketing Manager
B.E.,Blockchain,9.5,2025,Senior Blockchain Architect
M.Sc,Big Data,8.32,2026,Big Data Specialist
BCA,UI/UX Design,8.6,2024,Strategic UI/UX Design Lead
MCA,Sales,5.12,2027,Junior Cyber Security Engineer
B.Sc,Supply Chain,9.11,2024,Senior IoT Systems Architect
M.Com,Software Testing,5.67,2026,Software Testing Specialist
M.E.,Data Science,9.9,2024,Senior Data Science Architect
Diploma,Corporate Law,8.73,2026,Tech Support Embed
B.Voc,Embedded Systems,7.71,2024,Senior Software Testing Architect
M.E.,Machine Learning,5.92,2025,Junior Software Testing Engineer
MCA,Data Analytics,7.95,2024,Junior Human Resources Associate
Diploma,Corporate Law,7.67,2025,Full Stack Dev Specialist
B.Com,DevOps,7.44,2026,DevOps Specialist
MCA,Full Stack Dev,7.73,2025,Full Stack Dev Specialist
MCA,Digital Marketing,5.88,2025,Senior Cyber Security Architect
MBA,Digital Marketing,8.19,2025,Digital Marketing Manager
B.Tech,Software Testing,5.02,2024,Software Testing Specialist
B.E.,Finance,7.54,2027,Big Data Specialist
M.Com,Big Data,9.56,2024,Strategic Project Management Lead
M.E.,DevOps,5.74,2025,Tech Support Full 
M.Tech,Corporate Law,5.4,2027,Strategic Customer Success Lead
B.Tech,Customer Success,7.39,2025,Strategic Operations Lead
M.Sc,Mobile App Dev,6.98,2027,Artificial Intelligence Specialist
B.A.,Human Resources,7.28,2024,Senior Artificial Intelligence Architect
B.Voc,Embedded Systems,5.69,2027,Tech Support Embed
M.Sc,Content Strategy,5.45,2027,Strategic Customer Success Lead
M.Sc,Finance,8.33,2027,Big Data Specialist
B.Voc,Cyber Security,6.91,2027,Junior Cyber Security Engineer
B.Sc,DevOps,6.94,2026,Digital Marketing Manager
B.E.,Network Security,8.45,2027,Junior UI/UX Design Associate
M.Tech,Supply Chain,7.78,2025,Supply Chain Manager
B.E.,Cyber Security,6.82,2025,Junior Cyber Security Engineer
MCA,Embedded Systems,9.86,2027,Junior Machine Learning Engineer
B.A.,Product Management,6.11,2027,Senior Data Science Architect
M.Tech,Content Strategy,5.63,2024,Strategic Customer Success Lead
B.Sc,Mobile App Dev,6.04,2025,Artificial Intelligence Specialist
M.Sc,Project Management,5.7,2025,Operations Asst (Proje)
MBA,DevOps,9.87,2024,Junior Blockchain Engineer
M.Tech,Sales,7.83,2026,Junior Big Data Engineer
B.A.,Finance,6.67,2026,Junior Finance Associate
B.Sc,Customer Success,6.13,2024,Junior IoT Systems Engineer
MBA,Accounting,8.12,2027,Product Management Manager
B.Tech,UI/UX Design,8.12,2024,Operations Asst (Custo)
MBA,Supply Chain,8.53,2026,Senior IoT Systems Architect
BCA,Product Management,8.56,2024,Cyber Security Specialist
BCA,Cyber Security,5.91,2025,Tech Support Cyber
MBA,Cloud Computing,6.78,2025,Junior Finance Associate
B.A.,Embedded Systems,7.44,2026,Senior Software Testing Architect
MBA,Product Management,9.03,2026,Cyber Security Specialist
MBA,Product Management,6.56,2027,Senior Data Science Architect
M.E.,Artificial Intelligence,8.0,2026,Artificial Intelligence Specialist
MBA,IoT Systems,6.17,2027,Junior IoT Systems Engineer
B.Com,Embedded Systems,5.8,2025,Tech Support Embed
BBA,Cloud Computing,9.18,2026,Strategic Human Resources Lead
BBA,Data Analytics,8.23,2024,Junior Human Resources Associate
M.E.,Human Resources,8.53,2024,Strategic Human Resources Lead
BCA,Business Analytics,9.98,2027,Strategic Business Analytics Lead
MCA,Supply Chain,7.34,2026,Supply Chain Manager
M.E.,Big Data,8.88,2025,Strategic Project Management Lead
BBA,Operations,6.54,2025,Senior Blockchain Architect
BBA,Machine Learning,9.94,2025,Tech Support Block
M.Sc,Product Management,8.38,2027,Product Management Manager
B.Tech,Human Resources,9.7,2025,Strategic Human Resources Lead
M.Sc,Cyber Security,9.85,2025,Senior Cyber Security Architect
M.E.,Human Resources,9.98,2025,Strategic Human Resources Lead
BCA,Operations,7.96,2025,Strategic Business Analytics Lead
M.Tech,Cyber Security,9.5,2026,Senior Cyber Security Architect
B.Com,Data Analytics,7.33,2024,Junior Human Resources Associate
B.Tech,DevOps,6.74,2026,Digital Marketing Manager
M.E.,Embedded Systems,7.37,2027,Senior Software Testing Architect
B.E.,Embedded Systems,8.32,2024,Senior Software Testing Architect
Diploma,Machine Learning,6.17,2024,Junior Machine Learning Engineer
B.E.,Blockchain,6.05,2027,Junior Blockchain Engineer
M.Tech,Customer Success,8.4,2027,Strategic Operations Lead
M.E.,Machine Learning,8.95,2026,Tech Support Block
B.E.,IoT Systems,5.42,2026,Strategic Digital Marketing Lead
BBA,Digital Marketing,5.53,2024,Senior Cyber Security Architect
B.A.,Cloud Computing,7.29,2027,Strategic Finance Lead
B.E.,Content Strategy,7.79,2027,Content Strategy Manager
BCA,UI/UX Design,6.92,2027,Junior UI/UX Design Associate
B.Voc,Content Strategy,6.76,2027,Big Data Specialist
Diploma,Machine Learning,6.22,2026,Junior Machine Learning Engineer
B.Voc,Project Management,9.91,2025,Strategic Project Management Lead
B.Sc,Embedded Systems,7.46,2027,Senior Software Testing Architect
MCA,Operations,8.8,2027,Strategic Operations Lead
B.Com,Cloud Computing,5.82,2026,Junior Accounting Associate
B.Com,Product Management,6.64,2025,Senior Data Science Architect
BCA,Data Science,5.64,2024,Tech Support Data 
Diploma,Product Management,9.01,2027,Cyber Security Specialist
B.A.,IoT Systems,8.59,2026,Senior IoT Systems Architect
BCA,Embedded Systems,7.29,2024,Senior Software Testing Architect
Diploma,Customer Success,7.24,2024,Strategic Operations Lead
MBA,Project Management,9.82,2025,Strategic Project Management Lead
B.Tech,Human Resources,5.12,2025,Operations Asst (Human)
M.Sc,Embedded Systems,6.17,2025,Business Analytics Manager
B.Tech,Blockchain,6.94,2026,Junior Blockchain Engineer
B.Voc,IoT Systems,8.03,2025,Junior Finance Associate
MBA,Digital Marketing,5.33,2024,Senior Cyber Security Architect
MBA,Big Data,8.65,2027,Strategic Project Management Lead
B.Com,DevOps,9.0,2025,Junior Blockchain Engineer
M.E.,Software Testing,5.19,2025,Software Testing Specialist
B.Voc,Mobile App Dev,5.29,2027,Tech Support Full 
B.Voc,Product Management,9.3,2025,Cyber Security Specialist
M.Sc,Cyber Security,7.43,2025,Cyber Security Specialist
MCA,Machine Learning,8.63,2027,Tech Support Block
BBA,Supply Chain,9.95,2024,Senior IoT Systems Architect
M.Sc,Cyber Security,8.49,2024,Cyber Security Specialist
B.Voc,Data Analytics,5.14,2024,Tech Support Data 
B.Voc,Human Resources,5.99,2027,Operations Asst (Human)
M.Com,Full Stack Dev,7.42,2024,Full Stack Dev Specialist
M.Sc,Public Relations,5.88,2026,Digital Marketing Manager
B.Voc,IoT Systems,7.95,2025,Junior Finance Associate
MCA,Machine Learning,7.62,2024,Content Strategy Manager
MBA,Finance,7.5,2024,Big Data Specialist
Diploma,Corporate Law,5.99,2024,Strategic Customer Success Lead
B.Voc,Artificial Intelligence,7.65,2025,Artificial Intelligence Specialist
MBA,Sales,6.24,2027,Artificial Intelligence Specialist
B.Sc,Content Strategy,5.31,2026,Strategic Customer Success Lead
M.Com,Cyber Security,6.4,2026,Junior Cyber Security Engineer
B.A.,Supply Chain,8.44,2025,Supply Chain Manager
B.Sc,Software Testing,9.31,2026,Senior Software Testing Architect
M.E.,Project Management,9.41,2024,Strategic Project Management Lead
BCA,Cyber Security,8.31,2025,Cyber Security Specialist
B.Tech,UI/UX Design,8.68,2027,Strategic UI/UX Design Lead
B.Sc,Embedded Systems,5.89,2027,Tech Support Embed
MCA,Mobile App Dev,8.63,2026,Operations Asst (Opera)
MBA,Network Security,9.41,2024,Tech Support Cyber
B.Sc,UI/UX Design,7.01,2027,Operations Asst (Custo)
B.Tech,Data Analytics,6.94,2024,Operations Asst (Proje)
M.E.,Full Stack Dev,9.26,2026,DevOps Specialist
B.Sc,Cloud Computing,9.21,2025,Strategic Human Resources Lead
BBA,Machine Learning,5.78,2026,Junior Software Testing Engineer
M.Tech,Machine Learning,9.89,2025,Tech Support Block
BCA,Corporate Law,5.57,2027,Strategic Customer Success Lead
Diploma,Artificial Intelligence,6.86,2027,Operations Asst (Human)
B.Com,IoT Systems,8.99,2026,Senior IoT Systems Architect
B.A.,Mobile App Dev,6.74,2024,Artificial Intelligence Specialist
M.E.,Data Science,9.29,2026,Senior Data Science Architect
M.E.,Blockchain,9.98,2026,Senior Blockchain Architect
M.E.,Cyber Security,9.7,2027,Senior Cyber Security Architect
M.E.,Blockchain,7.9,2026,Operations Asst (Opera)
M.Sc,Full Stack Dev,6.9,2024,Junior Corporate Law Associate
M.Tech,Customer Success,5.03,2027,Operations Asst (Custo)
M.Sc,Mobile App Dev,9.05,2024,Operations Asst (Opera)
MBA,Cloud Computing,7.33,2025,Strategic Finance Lead
MCA,Embedded Systems,7.39,2025,Senior Software Testing Architect
M.E.,Software Testing,7.91,2025,Software Testing Specialist
Diploma,Corporate Law,5.77,2027,Strategic Customer Success Lead
B.Sc,Full Stack Dev,8.47,2027,Full Stack Dev Specialist
MBA,Data Analytics,9.29,2027,Cyber Security Specialist
MCA,Embedded Systems,5.38,2024,Tech Support Embed
M.Com,Project Management,9.19,2025,Strategic Project Management Lead
MCA,Machine Learning,9.94,2026,Tech Support Block
M.E.,Artificial Intelligence,8.32,2025,Artificial Intelligence Specialist
MCA,Machine Learning,8.2,2024,Content Strategy Manager
M.E.,Business Analytics,9.85,2026,Strategic Business Analytics Lead
B.Com,Digital Marketing,6.79,2025,Operations Asst (Produ)
B.Tech,Big Data,5.77,2025,Tech Support Data 
BCA,Software Testing,8.2,2025,Software Testing Specialist
BBA,Cloud Computing,9.08,2026,Strategic Human Resources Lead
B.A.,Blockchain,7.74,2026,Operations Asst (Opera)
M.Tech,Human Resources,7.46,2024,Senior Artificial Intelligence Architect
B.Tech,Project Management,7.09,2025,Data Science Specialist
B.E.,Blockchain,7.25,2025,Operations Asst (Opera)
Diploma,Mobile App Dev,8.43,2025,Mobile App Dev Specialist
B.Com,Mobile App Dev,6.52,2025,Artificial Intelligence Specialist
MBA,Artificial Intelligence,5.22,2026,Senior Data Science Architect
Diploma,Blockchain,8.04,2026,Operations Asst (Opera)
B.Sc,Sales,8.43,2025,Junior Big Data Engineer
BCA,Big Data,9.85,2026,Strategic Project Management Lead
BCA,Human Resources,9.16,2026,Strategic Human Resources Lead
MBA,IoT Systems,7.54,2027,Junior Finance Associate
MBA,Data Science,6.79,2027,Operations Asst (Custo)
B.Com,Corporate Law,6.09,2026,Junior Corporate Law Associate
B.Sc,Project Management,8.59,2027,Strategic Project Management Lead
B.Tech,Blockchain,6.09,2026,Junior Blockchain Engineer
B.A.,Accounting,5.68,2027,Mobile App Dev Specialist
B.Tech,Blockchain,10.0,2024,Senior Blockchain Architect
Diploma,Finance,5.08,2026,Operations Asst (Proje)
Diploma,Digital Marketing,8.34,2024,Digital Marketing Manager
M.Tech,Public Relations,7.06,2024,Junior Network Security Engineer
B.Sc,Project Management,6.59,2025,Data Science Specialist
MCA,Sales,9.74,2027,Junior Business Analytics Associate
M.Tech,Project Management,8.97,2026,Strategic Project Management Lead
B.Voc,Human Resources,6.13,2025,Junior Human Resources Associate
M.Sc,Operations,5.71,2025,Operations Asst (Opera)
BBA,Accounting,5.3,2024,Mobile App Dev Specialist
Diploma,Big Data,6.45,2027,Junior Big Data Engineer
B.Tech,IoT Systems,5.98,2026,Strategic Digital Marketing Lead
B.Tech,Supply Chain,9.79,2026,Senior IoT Systems Architect
BBA,Full Stack Dev,10.0,2026,DevOps Specialist
MCA,Sales,8.0,2026,Junior Big Data Engineer
BBA,Artificial Intelligence,5.98,2024,Senior Data Science Architect
B.E.,Full Stack Dev,6.46,2026,Junior Corporate Law Associate
BCA,Finance,9.54,2024,Strategic Finance Lead
MBA,Project Management,9.96,2026,Strategic Project Management Lead
B.Tech,Big Data,6.82,2027,Junior Big Data Engineer
B.Com,Cyber Security,7.43,2025,Cyber Security Specialist
BBA,Artificial Intelligence,7.36,2027,Artificial Intelligence Specialist
B.Tech,Big Data,8.06,2025,Big Data Specialist
MBA,Public Relations,6.96,2025,Supply Chain Manager
MCA,Data Science,5.36,2024,Tech Support Data 
M.E.,Cyber Security,8.75,2027,Senior Cyber Security Architect
B.A.,Sales,6.16,2024,Artificial Intelligence Specialist
BBA,Embedded Systems,7.86,2026,Senior Software Testing Architect
B.Voc,Finance,8.69,2027,Strategic Finance Lead
B.Sc,Machine Learning,6.55,2026,Junior Machine Learning Engineer
B.Com,IoT Systems,9.44,2024,Senior IoT Systems Architect
B.Com,Public Relations,5.27,2026,Digital Marketing Manager
BBA,Accounting,8.49,2025,Product Management Manager
BCA,Mobile App Dev,7.27,2024,Mobile App Dev Specialist
MBA,Finance,7.13,2026,Big Data Specialist
B.Tech,Public Relations,8.55,2026,Junior Blockchain Engineer
MCA,Public Relations,6.25,2027,Supply Chain Manager
Diploma,Blockchain,8.96,2026,Senior Blockchain Architect
M.Com,Data Science,7.67,2026,Data Science Specialist
Diploma,Content Strategy,6.53,2026,Big Data Specialist
Diploma,Cloud Computing,9.66,2027,Strategic Human Resources Lead
B.E.,Content Strategy,8.77,2025,Senior Artificial Intelligence Architect
M.E.,Public Relations,7.71,2026,Junior Network Security Engineer
B.Voc,Big Data,6.77,2027,Junior Big Data Engineer
M.Sc,Artificial Intelligence,5.36,2026,Senior Data Science Architect
Diploma,Blockchain,8.27,2024,Operations Asst (Opera)
M.Com,Business Analytics,5.12,2024,Strategic Human Resources Lead
MCA,Project Management,5.02,2025,Operations Asst (Proje)
M.Sc,Digital Marketing,7.12,2027,Digital Marketing Manager
B.Voc,UI/UX Design,8.72,2026,Strategic UI/UX Design Lead
M.Tech,DevOps,6.61,2024,Digital Marketing Manager
MBA,Digital Marketing,9.27,2024,Strategic Digital Marketing Lead
M.Sc,Sales,6.91,2024,Artificial Intelligence Specialist
B.E.,Project Management,6.13,2025,Data Science Specialist
BBA,Data Science,7.89,2025,Data Science Specialist
B.Sc,Embedded Systems,6.13,2024,Business Analytics Manager
B.Tech,Human Resources,5.8,2026,Operations Asst (Human)
Diploma,Embedded Systems,7.99,2027,Senior Software Testing Architect
B.Com,Cyber Security,7.23,2024,Cyber Security Specialist
BBA,IoT Systems,7.04,2027,Junior Finance Associate
B.Sc,Public Relations,6.46,2027,Supply Chain Manager
B.E.,Machine Learning,5.82,2025,Junior Software Testing Engineer
M.Com,Cloud Computing,8.14,2026,Strategic Finance Lead
B.Tech,Finance,7.12,2024,Big Data Specialist
B.Tech,Operations,5.37,2026,Operations Asst (Opera)
B.Voc,Machine Learning,9.42,2026,Tech Support Block
B.Sc,Blockchain,7.23,2027,Operations Asst (Opera)
M.Com,Operations,6.82,2025,Senior Blockchain Architect
BCA,Mobile App Dev,9.32,2027,Operations Asst (Opera)
M.Sc,Sales,5.3,2024,Junior Cyber Security Engineer
B.Voc,Mobile App Dev,8.61,2027,Operations Asst (Opera)
B.Voc,Sales,7.41,2027,Junior Big Data Engineer
Diploma,Product Management,6.11,2026,Senior Data Science Architect
MCA,Network Security,9.66,2027,Tech Support Cyber
BCA,Mobile App Dev,7.69,2027,Mobile App Dev Specialist
M.Tech,Artificial Intelligence,9.93,2024,Senior Artificial Intelligence Architect
BBA,Blockchain,5.1,2025,Tech Support Block
B.E.,Data Analytics,9.39,2024,Cyber Security Specialist
B.Sc,Embedded Systems,8.21,2026,Senior Software Testing Architect
B.A.,Network Security,9.08,2025,Tech Support Cyber
B.Com,Customer Success,9.79,2027,Strategic Customer Success Lead
BCA,Human Resources,5.65,2024,Operations Asst (Human)
M.E.,Human Resources,9.66,2024,Strategic Human Resources Lead
B.Voc,Mobile App Dev,5.5,2024,Tech Support Full 
B.Voc,Mobile App Dev,9.34,2024,Operations Asst (Opera)
B.Voc,Finance,9.73,2024,Strategic Finance Lead
B.Sc,Machine Learning,8.06,2027,Content Strategy Manager
B.A.,Blockchain,5.27,2024,Tech Support Block
MCA,Machine Learning,9.27,2026,Tech Support Block
B.Com,DevOps,9.7,2024,Junior Blockchain Engineer
B.Com,Corporate Law,6.52,2025,Junior Corporate Law Associate
B.Voc,Content Strategy,5.24,2025,Strategic Customer Success Lead
Diploma,Blockchain,7.59,2027,Operations Asst (Opera)
B.E.,Sales,5.7,2025,Junior Cyber Security Engineer
BCA,Business Analytics,6.1,2025,Junior Business Analytics Associate
Diploma,IoT Systems,7.13,2027,Junior Finance Associate
B.Tech,Network Security,9.99,2026,Tech Support Cyber
B.Tech,Finance,5.48,2024,Operations Asst (Proje)
M.Sc,Cyber Security,9.93,2025,Senior Cyber Security Architect
BCA,Finance,7.29,2025,Big Data Specialist
B.Tech,IoT Systems,6.97,2025,Junior IoT Systems Engineer
B.Tech,Finance,5.4,2026,Operations Asst (Proje)
B.Voc,UI/UX Design,8.41,2024,Operations Asst (Custo)
BBA,Digital Marketing,6.57,2024,Operations Asst (Produ)
B.A.,Sales,8.4,2026,Junior Big Data Engineer
M.Tech,Corporate Law,7.0,2024,Full Stack Dev Specialist
M.Sc,Machine Learning,8.01,2026,Content Strategy Manager
MCA,Embedded Systems,8.16,2026,Senior Software Testing Architect
M.Com,Sales,9.29,2025,Junior Business Analytics Associate
B.Tech,Cloud Computing,7.26,2027,Strategic Finance Lead
B.Voc,Data Science,9.32,2026,Senior Data Science Architect
MBA,Artificial Intelligence,8.58,2026,Senior Artificial Intelligence Architect
Diploma,DevOps,8.42,2026,DevOps Specialist
M.Com,Finance,5.43,2025,Operations Asst (Proje)
M.Com,Full Stack Dev,7.24,2026,Full Stack Dev Specialist
BBA,Machine Learning,6.35,2027,Junior Machine Learning Engineer
Diploma,Accounting,8.49,2024,Product Management Manager
M.Sc,Supply Chain,9.32,2025,Senior IoT Systems Architect
B.Sc,Machine Learning,9.48,2025,Tech Support Block
M.Com,Artificial Intelligence,7.15,2025,Artificial Intelligence Specialist
M.E.,Machine Learning,8.19,2026,Content Strategy Manager
M.E.,Artificial Intelligence,7.87,2024,Artificial Intelligence Specialist
B.Com,Project Management,8.34,2024,Data Science Specialist
M.Com,Public Relations,9.94,2026,Junior Blockchain Engineer
M.Tech,Sales,6.93,2027,Artificial Intelligence Specialist
M.Com,Data Science,9.25,2026,Senior Data Science Architect
B.Com,Cyber Security,5.24,2024,Tech Support Cyber
M.Sc,Customer Success,5.67,2024,Operations Asst (Custo)
BCA,Cyber Security,5.39,2024,Tech Support Cyber
M.Com,Embedded Systems,9.32,2025,Junior Machine Learning Engineer
B.A.,Public Relations,6.51,2027,Supply Chain Manager
BCA,Public Relations,7.22,2025,Junior Network Security Engineer
B.Com,Cloud Computing,8.91,2026,Strategic Human Resources Lead
BCA,Software Testing,9.88,2027,Senior Software Testing Architect
B.E.,Blockchain,7.29,2026,Operations Asst (Opera)
BCA,Product Management,5.61,2025,Operations Asst (Produ)
M.E.,Product Management,5.45,2026,Operations Asst (Produ)
B.E.,Content Strategy,8.45,2024,Content Strategy Manager
B.A.,Embedded Systems,9.83,2026,Junior Machine Learning Engineer
BBA,Blockchain,8.78,2025,Senior Blockchain Architect
M.E.,Business Analytics,8.45,2025,Business Analytics Manager
B.Voc,Customer Success,8.32,2024,Strategic Operations Lead
MCA,Public Relations,6.16,2025,Supply Chain Manager
BBA,Big Data,5.84,2024,Tech Support Data 
B.Tech,Project Management,8.4,2026,Data Science Specialist
MCA,Cloud Computing,9.06,2025,Strategic Human Resources Lead
MCA,Sales,9.21,2025,Junior Business Analytics Associate
B.Com,Mobile App Dev,7.53,2025,Mobile App Dev Specialist
B.E.,Supply Chain,5.39,2026,Junior Corporate Law Associate
Diploma,Business Analytics,5.96,2027,Strategic Human Resources Lead
B.A.,Content Strategy,5.55,2024,Strategic Customer Success Lead
B.Sc,UI/UX Design,9.75,2024,Strategic UI/UX Design Lead
B.Sc,Accounting,6.95,2027,Junior Accounting Associate
MBA,Cloud Computing,7.34,2024,Strategic Finance Lead
M.Tech,Business Analytics,5.5,2026,Strategic Human Resources Lead
B.Tech,DevOps,6.77,2024,Digital Marketing Manager
B.E.,Software Testing,5.0,2026,Software Testing Specialist
M.E.,Blockchain,5.93,2027,Tech Support Block
B.Com,Business Analytics,9.06,2027,Strategic Business Analytics Lead
M.Sc,Digital Marketing,8.21,2027,Digital Marketing Manager
B.Com,Cloud Computing,7.82,2024,Strategic Finance Lead
M.Sc,DevOps,8.55,2026,Junior Blockchain Engineer
M.Sc,Cyber Security,6.59,2024,Junior Cyber Security Engineer
BBA,Public Relations,6.11,2025,Supply Chain Manager
M.E.,Corporate Law,8.43,2024,Full Stack Dev Specialist
M.Tech,Full Stack Dev,7.05,2025,Full Stack Dev Specialist
B.Com,Human Resources,6.09,2025,Junior Human Resources Associate
M.Sc,Finance,5.63,2027,Operations Asst (Proje)
B.Tech,Product Management,8.46,2026,Product Management Manager
M.Com,Cyber Security,5.04,2026,Tech Support Cyber
B.Voc,Machine Learning,8.19,2027,Content Strategy Manager
M.Tech,Human Resources,7.83,2024,Senior Artificial Intelligence Architect
M.Tech,Supply Chain,8.11,2024,Supply Chain Manager
MBA,Cloud Computing,9.1,2027,Strategic Human Resources Lead
BBA,Content Strategy,7.93,2024,Content Strategy Manager
M.Com,Artificial Intelligence,5.39,2026,Senior Data Science Architect
MBA,Business Analytics,8.87,2024,Strategic Business Analytics Lead
BBA,Cyber Security,9.75,2027,Senior Cyber Security Architect
BBA,Big Data,9.53,2025,Strategic Project Management Lead
M.Com,Sales,5.81,2025,Junior Cyber Security Engineer
M.Com,Supply Chain,8.98,2024,Senior IoT Systems Architect
B.E.,Operations,8.05,2027,Strategic Business Analytics Lead
B.Com,Content Strategy,6.11,2024,Big Data Specialist
B.Sc,Mobile App Dev,5.71,2025,Tech Support Full 
B.E.,Finance,7.29,2026,Big Data Specialist
B.Tech,Operations,8.72,2025,Strategic Operations Lead
M.E.,Content Strategy,7.22,2024,Content Strategy Manager
Diploma,Project Management,7.9,2026,Data Science Specialist
MBA,Customer Success,9.61,2027,Strategic Customer Success Lead
M.Sc,Data Science,7.88,2024,Data Science Specialist
Diploma,Data Analytics,5.79,2026,Tech Support Data 
MBA,Finance,9.39,2027,Strategic Finance Lead
M.Sc,Network Security,7.6,2025,Junior UI/UX Design Associate
B.E.,Business Analytics,6.34,2026,Junior Business Analytics Associate
B.A.,Embedded Systems,9.29,2026,Junior Machine Learning Engineer
M.Tech,Full Stack Dev,9.89,2027,DevOps Specialist
M.Sc,Big Data,9.82,2026,Strategic Project Management Lead
B.Tech,Content Strategy,5.74,2025,Strategic Customer Success Lead
B.E.,Human Resources,7.58,2025,Senior Artificial Intelligence Architect
M.E.,Digital Marketing,7.1,2027,Digital Marketing Manager
B.Voc,Big Data,5.06,2025,Tech Support Data 
B.Voc,Supply Chain,6.32,2026,Strategic Project Management Lead
B.Com,Cyber Security,8.52,2027,Senior Cyber Security Architect
Diploma,Data Science,8.86,2024,Senior Data Science Architect
MBA,Blockchain,5.52,2026,Tech Support Block
B.Tech,Machine Learning,5.26,2027,Junior Software Testing Engineer
B.Voc,Mobile App Dev,5.51,2026,Tech Support Full 
M.Sc,Product Management,9.07,2026,Cyber Security Specialist
B.E.,Operations,6.12,2024,Senior Blockchain Architect
B.E.,Public Relations,8.87,2024,Junior Blockchain Engineer
M.E.,Digital Marketing,9.31,2026,Strategic Digital Marketing Lead
Diploma,Full Stack Dev,6.62,2025,Junior Corporate Law Associate
B.Tech,Artificial Intelligence,9.43,2027,Senior Artificial Intelligence Architect
M.E.,Corporate Law,6.93,2025,Junior Corporate Law Associate
B.A.,Big Data,6.54,2024,Junior Big Data Engineer
B.Voc,Software Testing,9.99,2027,Senior Software Testing Architect
B.E.,Content Strategy,9.32,2024,Senior Artificial Intelligence Architect
BCA,Business Analytics,5.57,2026,Strategic Human Resources Lead
B.A.,Human Resources,8.76,2024,Strategic Human Resources Lead
BBA,Product Management,7.68,2025,Product Management Manager
M.Tech,UI/UX Design,5.51,2027,Strategic Finance Lead
B.Tech,Full Stack Dev,8.46,2027,Full Stack Dev Specialist
M.Sc,Digital Marketing,5.22,2024,Senior Cyber Security Architect
B.Voc,Data Science,8.1,2026,Data Science Specialist
MBA,Finance,6.14,2026,Junior Finance Associate
BBA,Content Strategy,6.01,2026,Big Data Specialist
M.Sc,Sales,8.0,2024,Junior Big Data Engineer
B.A.,Software Testing,5.09,2026,Software Testing Specialist
MCA,Sales,7.5,2024,Junior Big Data Engineer
B.A.,Machine Learning,8.98,2024,Tech Support Block
MCA,Customer Success,7.97,2027,Strategic Operations Lead
Diploma,Blockchain,8.58,2024,Senior Blockchain Architect
MBA,Operations,5.73,2024,Operations Asst (Opera)
B.Sc,Supply Chain,5.64,2025,Junior Corporate Law Associate
B.E.,Data Analytics,7.89,2025,Junior Human Resources Associate
B.Tech,Supply Chain,8.26,2025,Supply Chain Manager
B.Com,Public Relations,5.3,2026,Digital Marketing Manager
MCA,Cyber Security,8.34,2025,Cyber Security Specialist
B.Sc,Finance,7.45,2025,Big Data Specialist
B.Com,Digital Marketing,9.67,2025,Strategic Digital Marketing Lead
B.Com,UI/UX Design,6.97,2027,Junior UI/UX Design Associate
MBA,Project Management,8.71,2024,Strategic Project Management Lead
B.Voc,Business Analytics,6.17,2026,Junior Business Analytics Associate
B.Sc,Machine Learning,8.56,2024,Tech Support Block
BCA,Machine Learning,8.78,2026,Tech Support Block
M.Tech,Finance,6.1,2026,Junior Finance Associate
M.Tech,Public Relations,6.65,2026,Supply Chain Manager
MCA,Network Security,7.67,2024,Junior UI/UX Design Associate
Diploma,Cyber Security,8.24,2024,Cyber Security Specialist
M.Com,Network Security,5.55,2026,Strategic UI/UX Design Lead
M.Com,Business Analytics,7.11,2027,Business Analytics Manager
B.A.,Data Science,9.86,2025,Senior Data Science Architect
Diploma,Artificial Intelligence,7.65,2024,Artificial Intelligence Specialist
BCA,Cyber Security,7.74,2027,Cyber Security Specialist
MCA,Data Analytics,5.47,2026,Tech Support Data 
B.Tech,Artificial Intelligence,6.81,2027,Operations Asst (Human)
B.E.,IoT Systems,6.48,2026,Junior IoT Systems Engineer
B.Sc,Full Stack Dev,5.12,2024,Tech Support Full 
M.Tech,Operations,6.47,2024,Senior Blockchain Architect
BBA,Supply Chain,5.31,2026,Junior Corporate Law Associate
Diploma,Full Stack Dev,5.07,2024,Tech Support Full 
M.Tech,Mobile App Dev,8.38,2025,Mobile App Dev Specialist
